ProgramSection,ProgramSubSection,Activity,AgeGroup,Location,CourseCode,CourseComments,CourseDayofWeek,CourseDate,CourseTime
Seniors,Active Living,Chair Yoga,All Ages,Evergreen Seniors Centre,169142,,Wed,Jul 2-Aug 27,9:15-10:15 a.m.
Seniors,Active Living,Qi Gong (Chi Kung),All Ages,Evergreen Seniors Centre,167644,,Mon,Jul 7-Aug 25,10:30 a.m.-12 p.m.
Seniors,Active Living,Qi Gong 2 (Chi Kung),All Ages,Evergreen Seniors Centre,167645,,Thu,Jul 3-Aug 28,11 a.m.-12 p.m.
Seniors,Active Living,Strength Training- Beginner,All Ages,Evergreen Seniors Centre,167654,,Thu,Jul 3-Aug 28,8:55-9:40 a.m.
Seniors,Active Living,Strength Training- Beginner,All Ages,Evergreen Seniors Centre,167653,,Tue,Jul 8-Aug 26,8:55-9:40 a.m.
Seniors,Active Living,Strength Training - Intermediate,All Ages,Evergreen Seniors Centre,167650,,Thu,Jul 3-Aug 28,8:05-8:50 a.m.
Seniors,Active Living,Strength Training - Intermediate,All Ages,Evergreen Seniors Centre,167649,,Tue,Jul 8-Aug 26,8:05-8:50 a.m.
Seniors,Active Living,Strength Training - Intermediate/Advanced,All Ages,Evergreen Seniors Centre,167652,,Fri,Jul 4-Aug 29,8:55-9:40 a.m.
Seniors,Active Living,Strength Training - Intermediate/Advanced,All Ages,Evergreen Seniors Centre,167651,,Mon,Jul 7-Aug 25,8:55-9:40 a.m.
Seniors,Active Living,Strength Training - Advanced,All Ages,Evergreen Seniors Centre,167647,,Wed,Jul 2-Aug 27,8:05-8:50 a.m.
Seniors,Active Living,Strength Training - Advanced,All Ages,Evergreen Seniors Centre,167648,,Fri,Jul 4-Aug 29,8:05-8:50 a.m.
Seniors,Active Living,Strength Training - Advanced,All Ages,Evergreen Seniors Centre,167646,,Mon,Jul 7-Aug 25,8:05-8:50 a.m.
Seniors,Active Living,Yoga - All Levels,All Ages,Evergreen Seniors Centre,167656,,Fri,Jul 4-Aug 29,10:30 a.m.-12 p.m.
Seniors,Computers & Technology,Brain Fit,All Ages,Evergreen Seniors Centre,167634,,Thu/Tue,Jul 3-Aug 28,9:30-11:30 a.m.
Seniors,Computers & Technology,Computer Mentoring,All Ages,Evergreen Seniors Centre,167635,,Mon,Jul-07,1-3 p.m.
Seniors,Computers & Technology,Computer Mentoring,All Ages,Evergreen Seniors Centre,166394,,Mon,Jul-21,1-3 p.m.
Seniors,Computers & Technology,Computer Mentoring,All Ages,Evergreen Seniors Centre,166395,,Mon,Aug-11,1-3 p.m.
Seniors,Computers & Technology,Computer Mentoring,All Ages,Evergreen Seniors Centre,167636,,Mon,Aug-25,1-3 p.m.
Children/Youth,Independent Children Programs,Yoga for Teens,13-18 years,West End Community Centre,167539,,Mon,Jun 30-Aug 25,8:15-9 p.m.
Aquatics,Advanced Leadership,Aquatic Supervisor Training (AST),16+ years,Victoria Road Recreation Centre,164256,,Sat-Sun,Sep27-28,9 a.m.-6 p.m.
Aquatics,Advanced Leadership,LSS Standard First Aid  Recourse with CPR C & AED,16+ years,Victoria Road Recreation Centre,164258,Course hours:  Fri 6 - 10 p.m.;  Sat 9 a.m. - 7 p.m.,Fri-Sat,Jul11-12,6-10 p.m.
Aquatics,Advanced Leadership,LSS Standard First Aid  Recourse with CPR C & AED,16+ years,Victoria Road Recreation Centre,164259,"Course hours: Fri 5:30-9:30 p.m., Sat 9:30 a.m.- 7:30 p.m.",Fri-Sat,Aug22-23,5:30-9:30 p.m.
Aquatics,Advanced Leadership,LSS Standard First Aid  Recourse with CPR C & AED,16+ years,Victoria Road Recreation Centre,164260,Course hours:  Fri 6 - 10 p.m.;  Sat 9 a.m. - 7 p.m.,Fri-Sat,Sep19-20,6-10 p.m.
Aquatics,Advanced Leadership,LSS Standard First Aid Recertification with CPR C & AED,14+ years,Victoria Road Recreation Centre,164262,,Sat,Jul-12,9 a.m.-6 p.m.
Aquatics,Advanced Leadership,LSS Standard First Aid Recertification with CPR C & AED,14+ years,Victoria Road Recreation Centre,164263,,Sat,Aug-23,9:30 a.m.-6:30 p.m.
Aquatics,Advanced Leadership,LSS Standard First Aid Recertification with CPR C & AED,14+ years,Victoria Road Recreation Centre,164264,,Sat,Sep-20,9 a.m.-6 p.m.
Aquatics,Advanced Leadership,LSS Standard First Aid with CPR C & AED,14+ years,Victoria Road Recreation Centre,164266,,Sat-Sun,Jul12-13,9 a.m.-6 p.m.
Aquatics,Advanced Leadership,LSS Standard First Aid with CPR C & AED,14+ years,Victoria Road Recreation Centre,164267,,Sat-Sun,Aug23-24,9 a.m.-6 p.m.
Aquatics,Advanced Leadership,National Lifeguard Service (NLS) - Recertification,16+ years,Victoria Road Recreation Centre,164268,,Sun,Aug-24,9 a.m.-2 p.m.
Aquatics,Advanced Leadership,National Lifeguard Service (NLS) - Recertification,16+ years,Centennial Pool,164269,,Sat,Sep-27,10 a.m.-4 p.m.
Aquatics,Advanced Leadership,RC Water Safety Instructor - Recertification,16+ years,Centennial Pool,164307,,Fri,Sep-26,5-10 p.m.
Aquatics,Advanced Leadership,RC Assistant Water Safety Instructor + High Five - VRRC,15+ years,Victoria Road Recreation Centre,164312,"Course hours: Sat & Sun July 5, 6, Aug 16,17;  10 a.m. - 7 p.m.",Sat-Sun,Jul 5-Aug 17,10 a.m.-2 p.m.
Aquatics,Advanced Leadership,LSS Lifesaving Instructors - Cent,16+ years,Centennial Pool,164536,Course hours: Fri 6 - 10 p.m. Sat & Sun 9 a.m. - 6 p.m.,Fri-Sun,Sep19-21,6-10 p.m.
Aquatics,Advanced Leadership,Bronze Star,11+ years,West End Community Centre,165885,,Thu,Jul 3-Aug 28,6:45-8 p.m.
Aquatics,Schoolage Aquatics,Canadian Swim Patrol - Ranger,6-13 years,West End Community Centre,165886,Combined with Rookie & Star,Thu,Jul 3-Aug 28,5:45-6:45 p.m.
Aquatics,Schoolage Aquatics,Canadian Swim Patrol - Rookie,6-13 years,West End Community Centre,165887,Combined with Ranger & Star,Thu,Jul 3-Aug 28,5:45-6:45 p.m.
Aquatics,Schoolage Aquatics,Canadian Swim Patrol - Star,6-13 years,West End Community Centre,165888,Combined with Rookie & Ranger,Thu,Jul 3-Aug 28,5:45-6:45 p.m.
Aquatics,H3O Classes (Tri-Privates),H30 - RC  Sea Otter,3-6 years,West End Community Centre,165892,No class Aug 4,Mon,Jun 30-Aug 25,5:30-6 p.m.
Aquatics,H3O Classes (Tri-Privates),H30 - RC  Sea Otter,3-6 years,West End Community Centre,165893,No class Aug 4,Mon,Jun 30-Aug 25,6-6:30 p.m.
Aquatics,H3O Classes (Tri-Privates),H30 - RC Crocodile,3-6 years,West End Community Centre,165894,No class Aug 4,Mon,Jun 30-Aug 25,5-5:30 p.m.
Aquatics,H3O Classes (Tri-Privates),H30 - RC Salamander,3-6 years,West End Community Centre,165895,No class Aug 4,Mon,Jun 30-Aug 25,5:30-6 p.m.
Aquatics,H3O Classes (Tri-Privates),H30 - RC Sunfish,3-6 years,West End Community Centre,165896,No class Aug 4,Mon,Jun 30-Aug 25,5-5:30 p.m.
Aquatics,H3O Classes (Tri-Privates),H30 - RC Swim Kids 1,5-12 years,West End Community Centre,165897,No class Aug 4,Mon,Jun 30-Aug 25,4:30-5 p.m.
Aquatics,H3O Classes (Tri-Privates),H30 - RC Swim Kids 2,5-12 years,West End Community Centre,165898,No class Aug 4,Mon,Jun 30-Aug 25,4:30-5 p.m.
Aquatics,H3O Classes (Tri-Privates),H30 - RC Swim Kids 3,5-12 years,West End Community Centre,165899,No class Aug 4,Mon,Jun 30-Aug 25,6:30-7 p.m.
Aquatics,H3O Classes (Tri-Privates),H30 - RC Swim Kids 4,5-12 years,West End Community Centre,165900,No class Aug 4,Mon,Jun 30-Aug 25,6:30-7 p.m.
Aquatics,H3O Classes (Tri-Privates),H30 - RC Swim Kids 5,6-12 years,West End Community Centre,165901,No class Aug 4,Mon,Jun 30-Aug 25,6:30-7 p.m.
Aquatics,H3O Classes (Tri-Privates),H30 - RC Swim Kids 6,6-12 years,West End Community Centre,165902,No class Aug 4,Mon,Jun 30-Aug 25,7-7:30 p.m.
Aquatics,Private Aquatic Lessons,Privates - WECC,3-15 years,West End Community Centre,165904,No class July 1,Mon-Fri,Jun 30-Jul 11,9:30-10 a.m.
Aquatics,Private Aquatic Lessons,Privates - WECC,3-15 years,West End Community Centre,165906,No class July 1,Mon-Fri,Jun 30-Jul 11,10-10:30 a.m.
Aquatics,Private Aquatic Lessons,Privates - WECC,3-100 years,West End Community Centre,165908,,Mon/Wed,Jun 30-Jul 28,7:30-8 p.m.
Aquatics,Private Aquatic Lessons,Privates - WECC,3-99 years,West End Community Centre,165910,8 lessons,Tue,Jul 8-Aug 26,8-8:30 a.m.
Aquatics,Private Aquatic Lessons,Privates - WECC,3-15 years,West End Community Centre,165912,,Thu,Jul 3-Aug 28,8-8:30 a.m.
Aquatics,Private Aquatic Lessons,Privates - WECC,3-15 years,West End Community Centre,165913,,Thu,Jul 3-Aug 28,4:30-5 p.m.
Aquatics,Private Aquatic Lessons,Privates - WECC,3-99 years,West End Community Centre,165917,,Wed,Jul 2-Aug 27,4:30-5 p.m.
Aquatics,Private Aquatic Lessons,Privates - WECC,3-15 years,West End Community Centre,165918,,Wed,Jul 2-Aug 27,4:15-4:45 p.m.
Aquatics,Private Aquatic Lessons,Privates - WECC,3-100 years,West End Community Centre,165919,Lap Pool is not available for half the class.  Recommend Level 3 and lower,Thu/Tue,Jul3-31,8-8:30 p.m.
Aquatics,Private Aquatic Lessons,Privates - WECC,3-100 years,West End Community Centre,165920,Lap Pool is not available for half the class.  Recommend Level 3 and lower,Thu/Tue,Jul3-31,8-8:30 p.m.
Aquatics,Private Aquatic Lessons,Privates - WECC,3-100 years,West End Community Centre,165921,,Thu/Tue,Jul3-31,4:30-5 p.m.
Aquatics,Private Aquatic Lessons,Privates - WECC,3-100 years,West End Community Centre,165922,,Thu/Tue,Jul3-31,4:30-5 p.m.
Aquatics,Private Aquatic Lessons,Privates - WECC,3-100 years,West End Community Centre,165923,,Thu/Tue,Jul3-31,4:45-5:15 p.m.
Aquatics,Private Aquatic Lessons,Privates - WECC,3-100 years,West End Community Centre,165924,,Thu/Tue,Jul3-31,4:15-4:45 p.m.
Aquatics,Private Aquatic Lessons,Privates - WECC,3-15 years,West End Community Centre,165925,,Wed,Jul 2-Aug 27,5-5:30 p.m.
Aquatics,Private Aquatic Lessons,Privates - WECC,3-15 years,West End Community Centre,165926,No class Aug 4,Mon,Jun 30-Aug 25,4:30-5 p.m.
Aquatics,Private Aquatic Lessons,Privates - WECC,3-15 years,West End Community Centre,165927,No class Aug 4,Mon,Jun 30-Aug 25,4:30-5 p.m.
Aquatics,Private Aquatic Lessons,Privates - WECC,3-15 years,West End Community Centre,165928,No class Aug 4,Mon,Jun 30-Aug 25,5-5:30 p.m.
Aquatics,Private Aquatic Lessons,Privates - WECC,3-15 years,West End Community Centre,165929,No class Aug 4,Mon,Jun 30-Aug 25,5-5:30 p.m.
Aquatics,Private Aquatic Lessons,Privates - WECC,3-15 years,West End Community Centre,165931,No class Aug 4    Lap pool not available Level 3 or lower,Mon,Jun 30-Aug 25,5:30-6 p.m.
Aquatics,Private Aquatic Lessons,Privates - WECC,3-15 years,West End Community Centre,165932,No class Aug 4    Lap pool not available Level 3 or lower,Mon,Jun 30-Aug 25,6-6:30 p.m.
Aquatics,Private Aquatic Lessons,Privates - WECC,3-15 years,West End Community Centre,165934,No class Aug 4,Mon,Jun 30-Aug 25,6:30-7 p.m.
Aquatics,Private Aquatic Lessons,Privates - WECC,3-15 years,West End Community Centre,165935,No class Aug 4,Mon,Jun 30-Aug 25,7-7:30 p.m.
Aquatics,Private Aquatic Lessons,Privates - WECC,3-15 years,West End Community Centre,165936,No class Aug 4,Mon,Jun 30-Aug 25,7-7:30 p.m.
Aquatics,Private Aquatic Lessons,Privates - WECC,3-15 years,West End Community Centre,165947,"Lap Pool not available, Level 3 and lower recommended",Fri,Jul 4-Aug 22,5:45-6:15 p.m.
Aquatics,Private Aquatic Lessons,Privates - WECC,3-99 years,West End Community Centre,165953,,Tue,Jul 8-Aug 26,7:30-8 p.m.
Aquatics,Private Aquatic Lessons,Privates - WECC,3-99 years,West End Community Centre,165956,,Tue,Jul 8-Aug 26,7-7:30 p.m.
Aquatics,Private Aquatic Lessons,Privates - WECC,3-15 years,West End Community Centre,165957,,Thu,Jul 3-Aug 28,6-6:30 p.m.
Aquatics,Specialty Aquatics,RC Adult Swim Basics 1,16+ years,West End Community Centre,165958,Leisure Pool Only,Tue,Jul 8-Aug 26,8-8:45 p.m.
Aquatics,Specialty Aquatics,RC Adult Swim Basics 2,16+ years,West End Community Centre,165959,Combined 2/3 level,Tue,Jul 8-Aug 26,7:15-8 p.m.
Aquatics,Specialty Aquatics,RC Adult Swim Strokes 3,16+ years,West End Community Centre,165960,Combined 2/3 level,Tue,Jul 8-Aug 26,7:15-8 p.m.
Aquatics,Preschool Aquatics,RC Crocodile,3-6 years,West End Community Centre,165961,Combine with whale  No class July 1,Mon-Fri,Jun 30-Jul 11,8:30-9 a.m.
Aquatics,Preschool Aquatics,RC Crocodile,3-6 years,West End Community Centre,165962,Combined with Whale,Mon/Wed,Jun 30-Jul 28,7-7:30 p.m.
Aquatics,Preschool Aquatics,RC Crocodile,3-6 years,West End Community Centre,165963,Combined with Whale,Tue,Jul 8-Aug 26,6:30-7 p.m.
Aquatics,Preschool Aquatics,RC Crocodile,3-6 years,West End Community Centre,165964,Combined with Whale,Thu,Jul 3-Aug 28,6-6:30 p.m.
Aquatics,Preschool Aquatics,RC Crocodile,3-6 years,West End Community Centre,165965,Combined with Whale,Wed,Jul 2-Aug 27,6:30-7 p.m.
Aquatics,Preschool Aquatics,RC Crocodile,3-6 years,West End Community Centre,165966,Combined with Whale,Tue,Jul 8-Aug 26,4:30-5 p.m.
Aquatics,Preschool Aquatics,RC Crocodile,3-6 years,West End Community Centre,165967,Combined with Whale,Thu/Tue,Jul3-31,7-7:30 p.m.
Aquatics,Preschool Aquatics,RC Crocodile,3-6 years,West End Community Centre,165968,Combined with Whale,Wed,Jul 2-Aug 27,4:30-5 p.m.
Aquatics,Preschool Aquatics,RC Duck,12-24mos,West End Community Centre,165970,Combined with Starfish,Wed,Jul 2-Aug 27,5-5:30 p.m.
Aquatics,Preschool Aquatics,RC Duck,12-24mos,West End Community Centre,165971,Combined with Starfish,Mon/Wed,Jun 30-Jul 28,5:30-6 p.m.
Aquatics,Preschool Aquatics,RC Duck,12-24mos,West End Community Centre,165972,Combined with Starfish,Tue,Jul 8-Aug 26,7-7:30 p.m.
Aquatics,Preschool Aquatics,RC Duck,12-24mos,West End Community Centre,165973,Combined with Sea Turtle,Tue,Jul 8-Aug 26,5:30-6 p.m.
Aquatics,Preschool Aquatics,RC Duck,12-24mos,West End Community Centre,165974,Combinded with Sea Turtle,Tue,Jul 8-Aug 26,7:30-8 p.m.
Aquatics,Preschool Aquatics,RC Duck,12-24mos,West End Community Centre,165975,Combined with Starfish,Thu/Tue,Jul3-31,6-6:30 p.m.
Aquatics,Preschool Aquatics,RC Duck,12-24mos,West End Community Centre,165976,Combined with Sea Turtle,Thu/Tue,Jul3-31,6:30-7 p.m.
Aquatics,Preschool Aquatics,RC Duck,12-24mos,West End Community Centre,165977,Combined with Sea Turtle,Wed,Jul 2-Aug 27,7-7:30 p.m.
Aquatics,Preschool Aquatics,RC Duck,12-24mos,West End Community Centre,165978,Combined with Starfish,Thu,Jul 3-Aug 28,5:30-6 p.m.
Aquatics,Preschool Aquatics,RC Duck,12-24mos,West End Community Centre,165979,Combined with Sea Turtle,Thu,Jul 3-Aug 28,7-7:30 p.m.
Aquatics,Preschool Aquatics,RC Salamander,3-6 years,West End Community Centre,165980,No class July 1,Mon-Fri,Jun 30-Jul 11,8:30-9 a.m.
Aquatics,Preschool Aquatics,RC Salamander,3-6 years,West End Community Centre,165981,No class July 1,Mon-Fri,Jun 30-Jul 11,10-10:30 a.m.
Aquatics,Preschool Aquatics,RC Salamander,3-6 years,West End Community Centre,165982,Combined with Sunfish,Mon/Wed,Jun 30-Jul 28,7-7:30 p.m.
Aquatics,Preschool Aquatics,RC Salamander,3-6 years,West End Community Centre,165983,Combined with Sunfish,Mon/Wed,Jun 30-Jul 28,5:30-6 p.m.
Aquatics,Preschool Aquatics,RC Salamander,3-6 years,West End Community Centre,165984,Combined with Sunfish,Tue,Jul 8-Aug 26,7:30-8 p.m.
Aquatics,Preschool Aquatics,RC Salamander,3-6 years,West End Community Centre,165985,Combined with Sunfish,Wed,Jul 2-Aug 27,6-6:30 p.m.
Aquatics,Preschool Aquatics,RC Salamander,3-6 years,West End Community Centre,165986,Combined with Sunfish,Tue,Jul 8-Aug 26,5:30-6 p.m.
Aquatics,Preschool Aquatics,RC Salamander,3-6 years,West End Community Centre,165987,Combined with Sunfish,Thu,Jul 3-Aug 28,6:30-7 p.m.
Aquatics,Preschool Aquatics,RC Salamander,3-6 years,West End Community Centre,165988,Combined with Sunfish,Thu/Tue,Jul3-31,6-6:30 p.m.
Aquatics,Preschool Aquatics,RC Salamander,3-6 years,West End Community Centre,165989,Combined with Sunfish,Thu/Tue,Jul3-31,5-5:30 p.m.
Aquatics,Preschool Aquatics,RC Salamander,3-6 years,West End Community Centre,165990,Combined with Sunfish,Thu,Jul 3-Aug 28,5:30-6 p.m.
Aquatics,Preschool Aquatics,RC Sea Otter,3-6 years,West End Community Centre,165991,,Mon/Wed,Jun 30-Jul 28,7-7:30 p.m.
Aquatics,Preschool Aquatics,RC Sea Otter,3-6 years,West End Community Centre,165992,,Thu,Jul 3-Aug 28,5-5:30 p.m.
Aquatics,Preschool Aquatics,RC Sea Otter,3-6 years,West End Community Centre,165993,,Tue,Jul 8-Aug 26,6-6:30 p.m.
Aquatics,Preschool Aquatics,RC Sea Otter,3-6 years,West End Community Centre,165994,,Wed,Jul 2-Aug 27,6-6:30 p.m.
Aquatics,Preschool Aquatics,RC Sea Otter,3-6 years,West End Community Centre,165995,,Thu,Jul 3-Aug 28,6-6:30 p.m.
Aquatics,Preschool Aquatics,RC Sea Otter,3-6 years,West End Community Centre,165996,,Tue,Jul 8-Aug 26,5-5:30 p.m.
Aquatics,Preschool Aquatics,RC Sea Otter,3-6 years,West End Community Centre,165997,,Thu/Tue,Jul3-31,5:30-6 p.m.
Aquatics,Preschool Aquatics,RC Sea Otter,3-6 years,West End Community Centre,165998,,Thu/Tue,Jul3-31,7:30-8 p.m.
Aquatics,Preschool Aquatics,RC Sea Otter,3-6 years,West End Community Centre,165999,,Wed,Jul 2-Aug 27,5:30-6 p.m.
Aquatics,Preschool Aquatics,RC Sea Otter,3-6 years,West End Community Centre,166000,No class July 1,Mon-Fri,Jun 30-Jul 11,8:30-9 a.m.
Aquatics,Preschool Aquatics,RC Sea Otter,3-6 years,West End Community Centre,166001,No class July 1,Mon-Fri,Jun 30-Jul 11,9:30-10 a.m.
Aquatics,Preschool Aquatics,RC Sea Turtle,24-36mos,West End Community Centre,166002,Combined with Duck,Thu/Tue,Jul3-31,6:30-7 p.m.
Aquatics,Preschool Aquatics,RC Sea Turtle,24-36mos,West End Community Centre,166003,Combined with Duck,Wed,Jul 2-Aug 27,7-7:30 p.m.
Aquatics,Preschool Aquatics,RC Sea Turtle,24-36mos,West End Community Centre,166004,Combined with Duck,Thu,Jul 3-Aug 28,7-7:30 p.m.
Aquatics,Preschool Aquatics,RC Sea Turtle,24-36mos,West End Community Centre,166005,Combined with Duck,Tue,Jul 8-Aug 26,5:30-6 p.m.
Aquatics,Preschool Aquatics,RC Sea Turtle,24-36mos,West End Community Centre,166006,Combined with Duck,Tue,Jul 8-Aug 26,7:30-8 p.m.
Aquatics,Preschool Aquatics,RC Starfish,4-12mos,West End Community Centre,166008,Combined with Duck,Tue,Jul 8-Aug 26,7-7:30 p.m.
Aquatics,Preschool Aquatics,RC Starfish,4-12mos,West End Community Centre,166009,Combined with Duck,Mon/Wed,Jun 30-Jul 28,5:30-6 p.m.
Aquatics,Preschool Aquatics,RC Starfish,4-12mos,West End Community Centre,166010,Combined with Duck,Thu/Tue,Jul3-31,6-6:30 p.m.
Aquatics,Preschool Aquatics,RC Starfish,4-12mos,West End Community Centre,166011,Combined with Duck,Wed,Jul 2-Aug 27,5-5:30 p.m.
Aquatics,Preschool Aquatics,RC Starfish,4-12mos,West End Community Centre,166012,Combined with Duck,Thu,Jul 3-Aug 28,5:30-6 p.m.
Aquatics,Preschool Aquatics,RC Sunfish,3-6 years,West End Community Centre,166013,No class July 1,Mon-Fri,Jun 30-Jul 11,9-9:30 a.m.
Aquatics,Preschool Aquatics,RC Sunfish,3-6 years,West End Community Centre,166014,Combined iwth Salamander,Mon/Wed,Jun 30-Jul 28,7-7:30 p.m.
Aquatics,Preschool Aquatics,RC Sunfish,3-6 years,West End Community Centre,166016,Combined with Salamander,Wed,Jul 2-Aug 27,6-6:30 p.m.
Aquatics,Preschool Aquatics,RC Sunfish,3-6 years,West End Community Centre,166017,Combined iwth Salamander,Thu,Jul 3-Aug 28,6:30-7 p.m.
Aquatics,Preschool Aquatics,RC Sunfish,3-6 years,West End Community Centre,166019,Combined with Salamander,Mon/Wed,Jun 30-Jul 28,5:30-6 p.m.
Aquatics,Preschool Aquatics,RC Sunfish,3-6 years,West End Community Centre,166020,Combined with Salamander,Thu/Tue,Jul3-31,6-6:30 p.m.
Aquatics,Preschool Aquatics,RC Sunfish,3-6 years,West End Community Centre,166021,Combined with Salamander,Thu/Tue,Jul3-31,5-5:30 p.m.
Aquatics,Preschool Aquatics,RC Sunfish,3-6 years,West End Community Centre,166022,Combined with Salamander,Thu,Jul 3-Aug 28,5:30-6 p.m.
Aquatics,Schoolage Aquatics,RC Swim Kids  1,5-12 years,West End Community Centre,166023,No class July 1,Mon-Fri,Jun 30-Jul 11,10-10:30 a.m.
Aquatics,Schoolage Aquatics,RC Swim Kids  1,5-12 years,West End Community Centre,166024,Combined with Swim Kids 2,Mon/Wed,Jun 30-Jul 28,6-6:30 p.m.
Aquatics,Schoolage Aquatics,RC Swim Kids  1,5-12 years,West End Community Centre,166028,Combined with Swim Kids 2,Thu,Jul 3-Aug 28,6:30-7 p.m.
Aquatics,Schoolage Aquatics,RC Swim Kids  1,5-12 years,West End Community Centre,166030,Combined with Swim Kids 2,Thu/Tue,Jul3-31,5:30-6 p.m.
Aquatics,Schoolage Aquatics,RC Swim Kids  1,5-12 years,West End Community Centre,166031,Combined with Swim Kids 2,Thu/Tue,Jul3-31,7-7:30 p.m.
Aquatics,Schoolage Aquatics,RC Swim Kids  1,5-12 years,West End Community Centre,166032,Combined with Swim Kids 2,Thu,Jul 3-Aug 28,5-5:30 p.m.
Aquatics,Schoolage Aquatics,RC Swim Kids  1,5-12 years,West End Community Centre,166033,Combined with Swim Kids 2,Wed,Jul 2-Aug 27,5:30-6 p.m.
Aquatics,Schoolage Aquatics,RC Swim Kids 10,6-12 years,West End Community Centre,166036,Combined with Swim Kids 9,Mon/Wed,Jun 30-Jul 28,4:30-5:30 p.m.
Aquatics,Schoolage Aquatics,RC Swim Kids 10,6-12 years,West End Community Centre,166037,Combined with Swim Kids 9  No class July 1,Mon-Fri,Jun 30-Jul 11,10:30-11:30 a.m.
Aquatics,Schoolage Aquatics,RC Swim Kids 2,5-13 years,West End Community Centre,166040,No class July 1,Mon-Fri,Jun 30-Jul 11,9-9:30 a.m.
Aquatics,Schoolage Aquatics,RC Swim Kids 2,5-13 years,West End Community Centre,166042,Combined with Swim Kids 1,Mon/Wed,Jun 30-Jul 28,6-6:30 p.m.
Aquatics,Schoolage Aquatics,RC Swim Kids 2,5-13 years,West End Community Centre,166045,Combined with Swim Kids 1,Wed,Jul 2-Aug 27,6:30-7 p.m.
Aquatics,Schoolage Aquatics,RC Swim Kids 2,5-13 years,West End Community Centre,166046,Combined with Swim Kids 1,Thu,Jul 3-Aug 28,6:30-7 p.m.
Aquatics,Schoolage Aquatics,RC Swim Kids 2,5-13 years,West End Community Centre,166048,Combined with Swim Kids 1,Thu/Tue,Jul3-31,5:30-6 p.m.
Aquatics,Schoolage Aquatics,RC Swim Kids 2,5-13 years,West End Community Centre,166050,Combined with Swim Kids 1,Thu,Jul 3-Aug 28,5-5:30 p.m.
Aquatics,Schoolage Aquatics,RC Swim Kids 2,5-13 years,West End Community Centre,166051,Combined with Swim Kids 1,Wed,Jul 2-Aug 27,5:30-6 p.m.
Aquatics,Schoolage Aquatics,RC Swim Kids 3,5-12 years,West End Community Centre,166052,No class July 1,Mon-Fri,Jun 30-Jul 11,9:30-10 a.m.
Aquatics,Schoolage Aquatics,RC Swim Kids 3,5-12 years,West End Community Centre,166053,Combined with Swim Kids 4,Mon/Wed,Jun 30-Jul 28,6:30-7 p.m.
Aquatics,Schoolage Aquatics,RC Swim Kids 3,5-12 years,West End Community Centre,166056,Combined with Swim Kids 4,Wed,Jul 2-Aug 27,7-7:30 p.m.
Aquatics,Schoolage Aquatics,RC Swim Kids 3,5-12 years,West End Community Centre,166057,Combined with Swim Kids 4,Thu,Jul 3-Aug 28,7-7:30 p.m.
Aquatics,Schoolage Aquatics,RC Swim Kids 3,5-12 years,West End Community Centre,166058,Combined with Swim Kids 4,Mon/Wed,Jun 30-Jul 28,4:30-5 p.m.
Aquatics,Schoolage Aquatics,RC Swim Kids 3,5-12 years,West End Community Centre,166059,Combined with Swim Kids 4,Thu/Tue,Jul3-31,7:30-8 p.m.
Aquatics,Schoolage Aquatics,RC Swim Kids 3,5-12 years,West End Community Centre,166060,Combined with Swim Kids 4,Thu,Jul 3-Aug 28,4:30-5 p.m.
Aquatics,Schoolage Aquatics,RC Swim Kids 4,5-12 years,West End Community Centre,166061,No class July 1,Mon-Fri,Jun 30-Jul 11,9:30-10 a.m.
Aquatics,Schoolage Aquatics,RC Swim Kids 4,5-12 years,West End Community Centre,166062,Combined with Swim Kids 3,Mon/Wed,Jun 30-Jul 28,6:30-7 p.m.
Aquatics,Schoolage Aquatics,RC Swim Kids 4,5-12 years,West End Community Centre,166064,Combined with Swim Kids 3,Wed,Jul 2-Aug 27,7-7:30 p.m.
Aquatics,Schoolage Aquatics,RC Swim Kids 4,5-12 years,West End Community Centre,166065,Combined with Swim Kids 3,Thu,Jul 3-Aug 28,7-7:30 p.m.
Aquatics,Schoolage Aquatics,RC Swim Kids 4,5-12 years,West End Community Centre,166066,Combined with Swim Kids 3,Tue,Jul 8-Aug 26,4:30-5 p.m.
Aquatics,Schoolage Aquatics,RC Swim Kids 4,5-12 years,West End Community Centre,166067,Combined with Swim Kids 3,Mon/Wed,Jun 30-Jul 28,4:30-5 p.m.
Aquatics,Schoolage Aquatics,RC Swim Kids 4,5-12 years,West End Community Centre,166069,Combined with Swim Kids 3,Thu,Jul 3-Aug 28,4:30-5 p.m.
Aquatics,Schoolage Aquatics,RC Swim Kids 5,6-12 years,West End Community Centre,166070,Combined with Swim Kids 6  No class July 1,Mon-Fri,Jun 30-Jul 11,8:45-9:30 a.m.
Aquatics,Schoolage Aquatics,RC Swim Kids 5,6-12 years,West End Community Centre,166071,Combined with Swim Kids 6  No class July 1,Mon-Fri,Jun 30-Jul 11,10:30-11:15 a.m.
Aquatics,Schoolage Aquatics,RC Swim Kids 5,6-12 years,West End Community Centre,166072,Combined with Swim Kids 6,Mon/Wed,Jun 30-Jul 28,6:15-7 p.m.
Aquatics,Schoolage Aquatics,RC Swim Kids 5,6-12 years,West End Community Centre,166074,Combined with Swim Kids 6,Thu,Jul 3-Aug 28,5-5:45 p.m.
Aquatics,Schoolage Aquatics,RC Swim Kids 5,6-12 years,West End Community Centre,166075,Combined with Swim Kids 6,Thu/Tue,Jul3-31,5:15-6 p.m.
Aquatics,Schoolage Aquatics,RC Swim Kids 5,6-12 years,West End Community Centre,166076,Combined with Swim Kids 6,Wed,Jul 2-Aug 27,4:45-5:30 p.m.
Aquatics,Schoolage Aquatics,RC Swim Kids 6,6-12 years,West End Community Centre,166077,Combined with Swim Kids 5  No class July 1,Mon-Fri,Jun 30-Jul 11,10:30-11:15 a.m.
Aquatics,Schoolage Aquatics,RC Swim Kids 6,6-12 years,West End Community Centre,166078,Combined with Swim Kids 5  No class July 1,Mon-Fri,Jun 30-Jul 11,8:45-9:30 a.m.
Aquatics,Schoolage Aquatics,RC Swim Kids 6,6-12 years,West End Community Centre,166079,Combined with Swim Kids 5,Mon/Wed,Jun 30-Jul 28,6:15-7 p.m.
Aquatics,Schoolage Aquatics,RC Swim Kids 6,6-12 years,West End Community Centre,166081,Combined with Swim Kids 5,Thu,Jul 3-Aug 28,5-5:45 p.m.
Aquatics,Schoolage Aquatics,RC Swim Kids 6,6-12 years,West End Community Centre,166082,Combined with Swim Kids 5,Thu/Tue,Jul3-31,5:15-6 p.m.
Aquatics,Schoolage Aquatics,RC Swim Kids 6,6-12 years,West End Community Centre,166083,Combined with Swim Kids 5,Wed,Jul 2-Aug 27,4:45-5:30 p.m.
Aquatics,Schoolage Aquatics,RC Swim Kids 7,6-12 years,West End Community Centre,166084,Combined with Swim Kids 8  No class July 1,Mon-Fri,Jun 30-Jul 11,9:30-10:30 a.m.
Aquatics,Schoolage Aquatics,RC Swim Kids 7,6-12 years,West End Community Centre,166085,Combined with Swim Kids 8,Mon/Wed,Jun 30-Jul 28,4:15-5:15 p.m.
Aquatics,Schoolage Aquatics,RC Swim Kids 7,6-12 years,West End Community Centre,166086,Combined with Swim Kids 8,Thu/Tue,Jul3-31,6-7 p.m.
Aquatics,Schoolage Aquatics,RC Swim Kids 7,6-12 years,West End Community Centre,166087,Combined with Swim Kids 8,Wed,Jul 2-Aug 27,6:15-7:15 p.m.
Aquatics,Schoolage Aquatics,RC Swim Kids 8,6-12 years,West End Community Centre,166089,Combined with Swim Kids 7,Wed,Jul 2-Aug 27,6:15-7:15 p.m.
Aquatics,Schoolage Aquatics,RC Swim Kids 8,6-12 years,West End Community Centre,166091,Combined with Swim Kids 7,Mon/Wed,Jun 30-Jul 28,4:15-5:15 p.m.
Aquatics,Schoolage Aquatics,RC Swim Kids 8,6-12 years,West End Community Centre,166092,Combined with Swim Kids 7  No class July 1,Mon-Fri,Jun 30-Jul 11,9:30-10:30 a.m.
Aquatics,Schoolage Aquatics,RC Swim Kids 8,6-12 years,West End Community Centre,166093,Combined with Swim Kids 7,Thu/Tue,Jul3-31,6-7 p.m.
Aquatics,Schoolage Aquatics,RC Swim Kids 9,6-12 years,West End Community Centre,166094,Combined with Swim Kids 10,Wed,Jul 2-Aug 27,7:15-8:15 p.m.
Aquatics,Schoolage Aquatics,RC Swim Kids 9,6-12 years,West End Community Centre,166095,Combined with Swim Kids 10,Mon/Wed,Jun 30-Jul 28,4:30-5:30 p.m.
Aquatics,Schoolage Aquatics,RC Swim Kids 9,6-12 years,West End Community Centre,166096,Combined with Swim Kids 10  No class July 1,Mon-Fri,Jun 30-Jul 11,10:30-11:30 a.m.
Aquatics,Schoolage Aquatics,RC Swim Kids 9,6-12 years,West End Community Centre,166097,Combined with Swim Kids 10,Thu/Tue,Jul3-31,7-8 p.m.
Aquatics,Schoolage Aquatics,RC Swim Kids 9,6-12 years,West End Community Centre,166098,Combined with Swim Kids 10,Thu,Jul 3-Aug 28,4-5 p.m.
Aquatics,Specialty Aquatics,RC Teen Swim Basics 2,12-18 years,West End Community Centre,166101,Combined with Teen Strokes 3,Thu,Jul 3-Aug 28,7:30-8:15 p.m.
Aquatics,Specialty Aquatics,RC Teen Swim Strokes 3,12-18 years,West End Community Centre,166102,Combined with Teen Basics 2,Thu,Jul 3-Aug 28,7:30-8:15 p.m.
Aquatics,Preschool Aquatics,RC Whale,3-6 years,West End Community Centre,166103,Combined with Crocodile,Mon/Wed,Jun 30-Jul 28,7-7:30 p.m.
Aquatics,Preschool Aquatics,RC Whale,3-6 years,West End Community Centre,166105,Combined with Crocodile  No class July 1,Mon-Fri,Jun 30-Jul 11,8:30-9 a.m.
Aquatics,Preschool Aquatics,RC Whale,3-6 years,West End Community Centre,166106,Combined with Crocodile,Wed,Jul 2-Aug 27,6:30-7 p.m.
Aquatics,Preschool Aquatics,RC Whale,3-6 years,West End Community Centre,166107,Combined with Crocodile,Thu,Jul 3-Aug 28,6-6:30 p.m.
Aquatics,Preschool Aquatics,RC Whale,3-6 years,West End Community Centre,166109,Combined with Crocodile,Thu/Tue,Jul3-31,7-7:30 p.m.
Aquatics,Preschool Aquatics,RC Whale,3-6 years,West End Community Centre,166110,Combined with Crocodile,Wed,Jul 2-Aug 27,4:30-5 p.m.
Aquatics,Preschool Aquatics,Sea Lion,32mos-5 years,West End Community Centre,166111,,Mon/Wed,Jun 30-Jul 28,5-5:30 p.m.
Aquatics,Preschool Aquatics,Sea Lion,32mos-5 years,West End Community Centre,166112,,Thu/Tue,Jul3-31,6:30-7 p.m.
Aquatics,Preschool Aquatics,Sea Lion,32mos-5 years,West End Community Centre,166114,,Thu,Jul 3-Aug 28,7:30-8 p.m.
Aquatics,Preschool Aquatics,Sea Lion,32mos-5 years,West End Community Centre,166115,No class July 1,Mon-Fri,Jun 30-Jul 11,8:30-9 a.m.
Aquatics,Preschool Aquatics,Sea Lion,32mos-5 years,West End Community Centre,166116,,Thu/Tue,Jul3-31,5-5:30 p.m.
Aquatics,H3O Classes (Tri-Privates),H30 - RC Salamander,3-6 years,West End Community Centre,166141,No class Aug 4,Mon,Jun 30-Aug 25,6-6:30 p.m.
Aquatics,Private Aquatic Lessons,Privates - WECC,3-15 years,West End Community Centre,166152,No class July 1,Mon-Fri,Jun 30-Jul 11,10-10:30 a.m.
Aquatics,Private Aquatic Lessons,Privates - WECC,3-99 years,West End Community Centre,166157,,Tue,Jul 8-Aug 26,6:45-7:15 p.m.
Aquatics,Private Aquatic Lessons,Privates - WECC,3-15 years,West End Community Centre,166171,,Wed,Jul 2-Aug 27,6:30-7 p.m.
Aquatics,Private Aquatic Lessons,Privates - WECC,3-15 years,West End Community Centre,166177,No class Aug 4    Lap pool not available Level 3 or lower,Mon,Jun 30-Aug 25,5:30-6 p.m.
Aquatics,Private Aquatic Lessons,Privates - WECC,3-15 years,West End Community Centre,166178,No class Aug 4    Lap pool not available Level 3 or lower,Mon,Jun 30-Aug 25,6-6:30 p.m.
Aquatics,Private Aquatic Lessons,Privates - WECC,3-15 years,West End Community Centre,166181,No class Aug 4,Mon,Jun 30-Aug 25,7-7:30 p.m.
Aquatics,Private Aquatic Lessons,Privates - WECC,3-15 years,West End Community Centre,166182,No class Aug 4,Mon,Jun 30-Aug 25,7:30-8 p.m.
Aquatics,Private Aquatic Lessons,Privates - WECC,3-15 years,West End Community Centre,166183,,Fri,Jul 4-Aug 22,4-4:30 p.m.
Aquatics,Private Aquatic Lessons,Privates - WECC,3-15 years,West End Community Centre,166184,,Fri,Jul 4-Aug 22,4:30-5 p.m.
Aquatics,Private Aquatic Lessons,Privates - WECC,3-15 years,West End Community Centre,166185,,Fri,Jul 4-Aug 22,5-5:30 p.m.
Aquatics,Private Aquatic Lessons,Privates - WECC,3-15 years,West End Community Centre,166186,,Fri,Jul 4-Aug 22,4:15-4:45 p.m.
Aquatics,Private Aquatic Lessons,Privates - WECC,3-15 years,West End Community Centre,166187,,Fri,Jul 4-Aug 22,4:15-4:45 p.m.
Aquatics,Private Aquatic Lessons,Privates - WECC,3-15 years,West End Community Centre,166188,,Fri,Jul 4-Aug 22,4:45-5:15 p.m.
Aquatics,Private Aquatic Lessons,Privates - WECC,3-15 years,West End Community Centre,166189,,Fri,Jul 4-Aug 22,4:45-5:15 p.m.
Aquatics,Private Aquatic Lessons,Privates - WECC,3-15 years,West End Community Centre,166190,Lap Pool not available for half the class.  Level 3 and lower recommended,Fri,Jul 4-Aug 22,5:15-5:45 p.m.
Aquatics,Private Aquatic Lessons,Privates - WECC,3-15 years,West End Community Centre,166191,Lap Pool not available for half the class.  Level 3 and lower recommended,Fri,Jul 4-Aug 22,5:15-5:45 p.m.
Aquatics,Private Aquatic Lessons,Privates - WECC,3-15 years,West End Community Centre,166192,"Lap Pool not available, Level 3 and lower recommended",Fri,Jul 4-Aug 22,5:45-6:15 p.m.
Aquatics,Private Aquatic Lessons,Privates - WECC,3-15 years,West End Community Centre,166193,"Lap Pool not available, Level 3 and lower recommended",Fri,Jul 4-Aug 22,5:45-6:15 p.m.
Aquatics,Private Aquatic Lessons,Privates - WECC,3-99 years,West End Community Centre,166199,,Tue,Jul 8-Aug 26,6:30-7 p.m.
Aquatics,Private Aquatic Lessons,Privates - WECC,3-99 years,West End Community Centre,166200,,Tue,Jul 8-Aug 26,4:30-5 p.m.
Aquatics,Private Aquatic Lessons,Privates - WECC,3-99 years,West End Community Centre,166201,,Tue,Jul 8-Aug 26,5-5:30 p.m.
Aquatics,Preschool Aquatics,RC Sea Otter,3-6 years,West End Community Centre,166239,,Tue,Jul 8-Aug 26,5:30-6 p.m.
Aquatics,Preschool Aquatics,RC Sea Otter,3-6 years,West End Community Centre,166240,,Wed,Jul 2-Aug 27,5-5:30 p.m.
Aquatics,Preschool Aquatics,RC Sunfish,3-6 years,West End Community Centre,166261,Combined iwth Salamander,Tue,Jul 8-Aug 26,7:30-8 p.m.
Aquatics,Preschool Aquatics,RC Sunfish,3-6 years,West End Community Centre,166264,Combined with Salamander,Tue,Jul 8-Aug 26,5:30-6 p.m.
Aquatics,Schoolage Aquatics,RC Swim Kids  1,5-12 years,West End Community Centre,166272,Combined with Swim Kids 2,Tue,Jul 8-Aug 26,6:30-7 p.m.
Aquatics,Schoolage Aquatics,RC Swim Kids  1,5-12 years,West End Community Centre,166273,Combined with Swim Kids 2,Wed,Jul 2-Aug 27,6:30-7 p.m.
Aquatics,Schoolage Aquatics,RC Swim Kids  1,5-12 years,West End Community Centre,166275,Combined with Swim Kids 2,Tue,Jul 8-Aug 26,5-5:30 p.m.
Aquatics,Schoolage Aquatics,RC Swim Kids 10,6-12 years,West End Community Centre,166280,Combined with Swim Kids 9,Wed,Jul 2-Aug 27,7:15-8:15 p.m.
Aquatics,Schoolage Aquatics,RC Swim Kids 10,6-12 years,West End Community Centre,166281,Combined with Swim Kids 9,Thu,Jul 3-Aug 28,4-5 p.m.
Aquatics,Schoolage Aquatics,RC Swim Kids 10,6-12 years,West End Community Centre,166284,Combined with Swim Kids 9,Thu/Tue,Jul3-31,7-8 p.m.
Aquatics,Schoolage Aquatics,RC Swim Kids 10,6-12 years,West End Community Centre,166285,Combined with Swim Kids 9,Tue,Jul 8-Aug 26,4-5 p.m.
Aquatics,Schoolage Aquatics,RC Swim Kids 2,5-13 years,West End Community Centre,166293,Combined with Swim Kids 1,Tue,Jul 8-Aug 26,5-5:30 p.m.
Aquatics,Schoolage Aquatics,RC Swim Kids 3,5-12 years,West End Community Centre,166300,Combined with Swim Kids 4,Tue,Jul 8-Aug 26,6-6:30 p.m.
Aquatics,Schoolage Aquatics,RC Swim Kids 3,5-12 years,West End Community Centre,166301,Combined with Swim Kids 4,Tue,Jul 8-Aug 26,4:30-5 p.m.
Aquatics,Schoolage Aquatics,RC Swim Kids 4,5-12 years,West End Community Centre,166309,Combined with Swim Kids 3,Tue,Jul 8-Aug 26,6-6:30 p.m.
Aquatics,Schoolage Aquatics,RC Swim Kids 4,5-12 years,West End Community Centre,166314,Combined with Swim Kids 3,Thu/Tue,Jul3-31,7:30-8 p.m.
Aquatics,Schoolage Aquatics,RC Swim Kids 5,6-12 years,West End Community Centre,166319,Combined with Swim Kids 6,Tue,Jul 8-Aug 26,6-6:45 p.m.
Aquatics,Schoolage Aquatics,RC Swim Kids 6,6-12 years,West End Community Centre,166326,Combined with Swim Kids 5,Tue,Jul 8-Aug 26,6-6:45 p.m.
Aquatics,Schoolage Aquatics,RC Swim Kids 7,6-12 years,West End Community Centre,166334,Combined with Swim Kids 8,Tue,Jul 8-Aug 26,5-6 p.m.
Aquatics,Schoolage Aquatics,RC Swim Kids 8,6-12 years,West End Community Centre,166336,Combined with Swim Kids 7,Tue,Jul 8-Aug 26,5-6 p.m.
Aquatics,Schoolage Aquatics,RC Swim Kids 9,6-12 years,West End Community Centre,166345,Combined with Swim Kids 10,Tue,Jul 8-Aug 26,4-5 p.m.
Aquatics,Specialty Aquatics,RC Teen Swim Basics 1,12-18 years,West End Community Centre,166346,Leisure Pool only.,Tue,Jul 8-Aug 26,8-8:45 p.m.
Aquatics,Preschool Aquatics,RC Whale,3-6 years,West End Community Centre,166350,Combined with Crocodile,Tue,Jul 8-Aug 26,6:30-7 p.m.
Aquatics,Preschool Aquatics,RC Whale,3-6 years,West End Community Centre,166354,Combined with Crocodile,Tue,Jul 8-Aug 26,4:30-5 p.m.
Aquatics,Preschool Aquatics,Sea Lion,32mos-5 years,West End Community Centre,166360,,Tue,Jul 8-Aug 26,7-7:30 p.m.
Aquatics,Advanced Leadership,Bronze Cross - VRRC,13+ years,Victoria Road Recreation Centre,166378,Course Hours: 10 - 12:30 pm  Exam Aug 22; 9 am - noon,Mon-Fri,Aug11-22,10-11:30 a.m.
Aquatics,Advanced Leadership,Bronze Medallion & Emergency First Aid - VRRC,13+ years,Victoria Road Recreation Centre,166379,Course hours: 9:45 am - 1 pm  No class Jul 1,Mon-Fri,Jun 30-Jul 11,9:45-11:30 a.m.
Aquatics,Advanced Leadership,Bronze Medallion & Emergency First Aid - VRRC,13+ years,Victoria Road Recreation Centre,166380,Course hours: 9:45 am - 1 pm  No class Aug 4,Mon-Fri,Jul 28-Aug 8,9:45-11:30 a.m.
Aquatics,Advanced Leadership,Bronze Star,11+ years,West End Community Centre,166381,,Mon-Fri,Jul14-24,10:30-11:45 a.m.
Aquatics,Advanced Leadership,Bronze Star,11+ years,West End Community Centre,166382,,Mon-Fri,Aug11-21,10:30-11:45 a.m.
Aquatics,Advanced Leadership,Bronze Star,11+ years,Victoria Road Recreation Centre,166383,,Mon-Fri,Jul14-24,9:15-10:30 a.m.
Aquatics,Advanced Leadership,Bronze Star,11+ years,Victoria Road Recreation Centre,166384,,Mon-Fri,Aug11-21,9:15-10:30 a.m.
Aquatics,Schoolage Aquatics,Canadian Swim Patrol - Ranger,6-13 years,West End Community Centre,166385,Combined with Rookie & Star,Mon-Fri,Jul14-24,10:30-11:30 a.m.
Aquatics,Schoolage Aquatics,Canadian Swim Patrol - Ranger,6-13 years,West End Community Centre,166386,Combined with Rookie & Star,Mon-Fri,Aug11-21,10:30-11:30 a.m.
Aquatics,Schoolage Aquatics,Canadian Swim Patrol - Ranger,7-13 years,Victoria Road Recreation Centre,166387,Combined with Rookie & Star  No class Aug 4,Mon-Fri,Jul 28-Aug 8,9:30-10:30 a.m.
Aquatics,Schoolage Aquatics,Canadian Swim Patrol - Rookie,6-13 years,West End Community Centre,166388,Combined with Ranger & Star,Mon-Fri,Jul14-24,10:30-11:30 a.m.
Aquatics,Schoolage Aquatics,Canadian Swim Patrol - Rookie,6-13 years,West End Community Centre,166389,Combined with Ranger & Star,Mon-Fri,Aug11-21,10:30-11:30 a.m.
Aquatics,Schoolage Aquatics,Canadian Swim Patrol - Rookie,7-13 years,Victoria Road Recreation Centre,166390,Combined with Ranger & Star  No class Aug 4,Mon-Fri,Jul 28-Aug 8,9:30-10:30 a.m.
Aquatics,Schoolage Aquatics,Canadian Swim Patrol - Star,6-12 years,West End Community Centre,166391,Combined with Rookie & Ranger,Mon-Fri,Jul14-24,10:30-11:30 a.m.
Aquatics,Schoolage Aquatics,Canadian Swim Patrol - Star,6-12 years,West End Community Centre,166392,Combined with Rookie & Ranger,Mon-Fri,Aug11-21,10:30-11:30 a.m.
Aquatics,Schoolage Aquatics,Canadian Swim Patrol - Star,7-13 years,Victoria Road Recreation Centre,166393,Combined with Rookie & Ranger  No class Aug 4,Mon-Fri,Jul 28-Aug 8,9:30-10:30 a.m.
Aquatics,Family Lessons,"Family A (Sea Otter, Salamander, Sunfish, Crocodile)",3-6 years,West End Community Centre,166396,,Mon-Fri,Jul14-24,9:30-10:15 a.m.
Aquatics,Family Lessons,"Family A (Sea Otter, Salamander, Sunfish, Crocodile)",3-6 years,West End Community Centre,166397,,Mon-Fri,Aug11-21,9:30-10:15 a.m.
Aquatics,Family Lessons,"Family A (Sea Otter, Salamander, Sunfish, Crocodile)",3-6 years,West End Community Centre,166398,,Mon-Fri,Jul14-24,8:45-9:30 a.m.
Aquatics,Family Lessons,"Family A (Sea Otter, Salamander, Sunfish, Crocodile)",3-6 years,West End Community Centre,166399,,Mon-Fri,Aug11-21,8:45-9:30 a.m.
Aquatics,Family Lessons,"Family Advanced (Swim Kids 7,8,9.10)",6-12 years,West End Community Centre,166400,,Mon-Fri,Jul14-24,9:30-10:30 a.m.
Aquatics,Family Lessons,"Family Advanced (Swim Kids 7,8,9.10)",6-12 years,West End Community Centre,166401,,Mon-Fri,Aug11-21,9:30-10:30 a.m.
Aquatics,Family Lessons,"Family Advanced (Swim Kids 7,8,9.10)",6-12 years,West End Community Centre,166402,,Mon-Fri,Jul14-24,9:30-10:30 a.m.
Aquatics,Family Lessons,"Family Advanced (Swim Kids 7,8,9.10)",6-12 years,West End Community Centre,166403,,Mon-Fri,Aug11-21,9:30-10:30 a.m.
Aquatics,Family Lessons,"Family B (Swim Kids1,2,3,4, Whale)",5-12 years,West End Community Centre,166404,,Mon-Fri,Jul14-24,8:45-9:30 a.m.
Aquatics,Family Lessons,"Family B (Swim Kids1,2,3,4, Whale)",5-12 years,West End Community Centre,166405,,Mon-Fri,Jul14-24,9:30-10:15 a.m.
Aquatics,Family Lessons,"Family B (Swim Kids1,2,3,4, Whale)",5-12 years,West End Community Centre,166406,,Mon-Fri,Aug11-21,8:45-9:30 a.m.
Aquatics,Family Lessons,"Family B (Swim Kids1,2,3,4, Whale)",5-12 years,West End Community Centre,166407,,Mon-Fri,Aug11-21,9:30-10:15 a.m.
Aquatics,Family Lessons,"Family B (Swim Kids1,2,3,4, Whale)",5-12 years,West End Community Centre,166408,,Mon-Fri,Jul14-24,8:45-9:30 a.m.
Aquatics,Family Lessons,"Family B (Swim Kids1,2,3,4, Whale)",5-12 years,West End Community Centre,166409,,Mon-Fri,Aug11-21,8:45-9:30 a.m.
Aquatics,Family Lessons,"Family C (Swim Kids 5, Swim Kids 6)",6-12 years,West End Community Centre,166410,,Mon-Fri,Jul14-24,8:45-9:30 a.m.
Aquatics,Family Lessons,"Family C (Swim Kids 5, Swim Kids 6)",6-12 years,West End Community Centre,166411,,Mon-Fri,Jul14-24,9:30-10:15 a.m.
Aquatics,Family Lessons,"Family C (Swim Kids 5, Swim Kids 6)",6-12 years,West End Community Centre,166412,,Mon-Fri,Aug11-21,8:45-9:30 a.m.
Aquatics,Family Lessons,"Family C (Swim Kids 5, Swim Kids 6)",6-12 years,West End Community Centre,166413,,Mon-Fri,Aug11-21,9:30-10:15 a.m.
Aquatics,Family Lessons,"Family C (Swim Kids 5, Swim Kids 6)",6-12 years,West End Community Centre,166414,,Mon-Fri,Jul14-24,8:45-9:30 a.m.
Aquatics,Family Lessons,"Family C (Swim Kids 5, Swim Kids 6)",6-12 years,West End Community Centre,166415,,Mon-Fri,Aug11-21,8:45-9:30 a.m.
Aquatics,Private Aquatic Lessons,Privates - VRRC,3+ years,Victoria Road Recreation Centre,166416,,Tue/Thu,Aug5-28,7:30-8 p.m.
Aquatics,Private Aquatic Lessons,Privates - VRRC,3+ years,Victoria Road Recreation Centre,166417,,Tue/Thu,Aug5-28,7:30-8 p.m.
Aquatics,Private Aquatic Lessons,Privates - VRRC,3+ years,Victoria Road Recreation Centre,166419,,Mon-Fri,Jul14-24,9:30-10 a.m.
Aquatics,Private Aquatic Lessons,Privates - VRRC,3+ years,Victoria Road Recreation Centre,166420,,Mon-Fri,Jul14-24,10:30-11 a.m.
Aquatics,Private Aquatic Lessons,Privates - VRRC,3+ years,Victoria Road Recreation Centre,166424,,Mon-Fri,Jul 28-Aug 8,9:30-10 a.m.
Aquatics,Private Aquatic Lessons,Privates - VRRC,3+ years,Victoria Road Recreation Centre,166425,,Mon-Fri,Jul 28-Aug 8,10:30-11 a.m.
Aquatics,Private Aquatic Lessons,Privates - VRRC,3+ years,Victoria Road Recreation Centre,166429,,Mon-Fri,Aug11-21,10:30-11 a.m.
Aquatics,Private Aquatic Lessons,Privates - VRRC,3+ years,Victoria Road Recreation Centre,166434,,Mon-Fri,Aug11-21,9:30-10 a.m.
Aquatics,Private Aquatic Lessons,Privates - VRRC,3+ years,Victoria Road Recreation Centre,166435,,Mon-Fri,Jul 28-Aug 8,9-9:30 a.m.
Aquatics,Private Aquatic Lessons,Privates - VRRC,3+ years,Victoria Road Recreation Centre,166443,,Mon,Jun 30-Aug 25,6:30-7 p.m.
Aquatics,Private Aquatic Lessons,Privates - WECC,3-15 years,West End Community Centre,166445,No class Aug 4,Mon-Fri,Jul 28-Aug 8,9:30-10 a.m.
Aquatics,Private Aquatic Lessons,Privates - WECC,3-15 years,West End Community Centre,166446,No class Aug 4,Mon-Fri,Jul 28-Aug 8,10-10:30 a.m.
Aquatics,Private Aquatic Lessons,Privates - WECC,3-15 years,West End Community Centre,166450,No class Aug 4,Mon-Fri,Jul 28-Aug 8,10-10:30 a.m.
Aquatics,Private Aquatic Lessons,Privates - WECC,3-100 years,West End Community Centre,166451,No class Aug 4,Wed/Mon,Jul 30-Aug 27,7:30-8 p.m.
Aquatics,Private Aquatic Lessons,Privates - WECC,3-100 years,West End Community Centre,166452,Lap Pool is not available for half the class.  Recommend Level 3 and lower,Tue/Thu,Aug5-28,8-8:30 p.m.
Aquatics,Private Aquatic Lessons,Privates - WECC,3-100 years,West End Community Centre,166453,Lap Pool is not available for half the class.  Recommend Level 3 and lower,Tue/Thu,Aug5-28,8-8:30 p.m.
Aquatics,Private Aquatic Lessons,Privates - WECC,3-100 years,West End Community Centre,166454,,Tue/Thu,Aug5-28,4:30-5 p.m.
Aquatics,Private Aquatic Lessons,Privates - WECC,3-100 years,West End Community Centre,166455,,Tue/Thu,Aug5-28,4:30-5 p.m.
Aquatics,Private Aquatic Lessons,Privates - WECC,3-100 years,West End Community Centre,166456,,Tue/Thu,Aug5-28,4:45-5:15 p.m.
Aquatics,Private Aquatic Lessons,Privates - WECC,3-100 years,West End Community Centre,166457,,Tue/Thu,Aug5-28,4:15-4:45 p.m.
Aquatics,Preschool Aquatics,RC Crocodile,3-6 years,Victoria Road Recreation Centre,166461,Combined with Whale,Mon-Fri,Jul14-24,10-10:30 a.m.
Aquatics,Preschool Aquatics,RC Crocodile,3-6 years,Victoria Road Recreation Centre,166462,Combined with Whale  No class Aug 4,Mon-Fri,Jul 28-Aug 8,10-10:30 a.m.
Aquatics,Preschool Aquatics,RC Crocodile,3-6 years,Victoria Road Recreation Centre,166463,Combined with Whale,Mon-Fri,Aug11-21,10-10:30 a.m.
Aquatics,Preschool Aquatics,RC Crocodile,3-6 years,Victoria Road Recreation Centre,166464,,Thu/Tue,Jul3-31,5:30-6 p.m.
Aquatics,Preschool Aquatics,RC Crocodile,3-6 years,West End Community Centre,166465,No class Aug 4  Combined with Whale,Mon-Fri,Jul 28-Aug 8,8:30-9 a.m.
Aquatics,Preschool Aquatics,RC Crocodile,3-6 years,West End Community Centre,166466,Combined with Whale,Tue/Thu,Aug5-28,7-7:30 p.m.
Aquatics,Preschool Aquatics,RC Crocodile,3-6 years,West End Community Centre,166467,Combined with Whale  No class Aug 4,Wed/Mon,Jul 30-Aug 27,7-7:30 p.m.
Aquatics,Preschool Aquatics,RC Duck,12-24mos,Victoria Road Recreation Centre,166468,Combined with Starfish & Sea Turtle,Mon-Fri,Jul14-24,10-10:30 a.m.
Aquatics,Preschool Aquatics,RC Duck,12-24mos,Victoria Road Recreation Centre,166469,Combined with Starfish & Sea Turtle,Mon-Fri,Jun 30-Jul 11,10-10:30 a.m.
Aquatics,Preschool Aquatics,RC Duck,12-24mos,West End Community Centre,166470,Combined with Starfish,Tue/Thu,Aug5-28,6-6:30 p.m.
Aquatics,Preschool Aquatics,RC Duck,12-24mos,West End Community Centre,166471,Combined with Sea Turtle,Tue/Thu,Aug5-28,6:30-7 p.m.
Aquatics,Preschool Aquatics,RC Duck,12-24mos,West End Community Centre,166472,Combined with Starfish  No class Aug 4,Wed/Mon,Jul 30-Aug 27,5:30-6 p.m.
Aquatics,Preschool Aquatics,RC Salamander,3-6 years,Victoria Road Recreation Centre,166473,,Mon-Fri,Jul14-24,9-9:30 a.m.
Aquatics,Preschool Aquatics,RC Salamander,3-6 years,Victoria Road Recreation Centre,166474,No class Aug 5,Mon-Fri,Jul 28-Aug 8,9-9:30 a.m.
Aquatics,Preschool Aquatics,RC Salamander,3-6 years,Victoria Road Recreation Centre,166475,,Mon-Fri,Aug11-21,9-9:30 a.m.
Aquatics,Preschool Aquatics,RC Salamander,3-6 years,Victoria Road Recreation Centre,166477,,Mon-Fri,Jul14-24,10:30-11 a.m.
Aquatics,Preschool Aquatics,RC Salamander,3-6 years,Victoria Road Recreation Centre,166478,No class Aug 4,Mon-Fri,Jul 28-Aug 8,10:30-11 a.m.
Aquatics,Preschool Aquatics,RC Salamander,3-6 years,Victoria Road Recreation Centre,166479,,Tue/Thu,Aug5-28,6-6:30 p.m.
Aquatics,Preschool Aquatics,RC Salamander,3-6 years,West End Community Centre,166481,No class Aug 4,Mon-Fri,Jul 28-Aug 8,8:30-9 a.m.
Aquatics,Preschool Aquatics,RC Salamander,3-6 years,West End Community Centre,166482,No class Aug 4,Mon-Fri,Jul 28-Aug 8,10-10:30 a.m.
Aquatics,Preschool Aquatics,RC Salamander,3-6 years,West End Community Centre,166484,Combined with Sunfish  No class Aug 4,Wed/Mon,Jul 30-Aug 27,5:30-6 p.m.
Aquatics,Preschool Aquatics,RC Salamander,3-6 years,West End Community Centre,166485,Combined with Sunfish  No class Aug 4,Wed/Mon,Jul 30-Aug 27,7-7:30 p.m.
Aquatics,Preschool Aquatics,RC Salamander,3-6 years,West End Community Centre,166486,Combined with Sunfish,Tue/Thu,Aug5-28,5-5:30 p.m.
Aquatics,Preschool Aquatics,RC Sea Otter,3-6 years,West End Community Centre,166487,No class Aug 4,Wed/Mon,Jul 30-Aug 27,7-7:30 p.m.
Aquatics,Preschool Aquatics,RC Sea Otter,3-6 years,West End Community Centre,166488,,Tue/Thu,Aug5-28,7:30-8 p.m.
Aquatics,Preschool Aquatics,RC Sea Otter,3-6 years,West End Community Centre,166489,,Tue/Thu,Aug5-28,5:30-6 p.m.
Aquatics,Preschool Aquatics,RC Sea Otter,3-6 years,West End Community Centre,166490,No class Aug 4,Mon-Fri,Jul 28-Aug 8,8:30-9 a.m.
Aquatics,Preschool Aquatics,RC Sea Otter,3-6 years,West End Community Centre,166491,No class Aug 4,Mon-Fri,Jul 28-Aug 8,9:30-10 a.m.
Aquatics,Preschool Aquatics,RC Sea Otter,3-6 years,Victoria Road Recreation Centre,166492,,Tue/Thu,Aug5-28,6-6:30 p.m.
Aquatics,Preschool Aquatics,RC Sea Otter,3-6 years,Victoria Road Recreation Centre,166493,,Tue/Thu,Aug5-28,7-7:30 p.m.
Aquatics,Preschool Aquatics,RC Sea Otter,3-6 years,Victoria Road Recreation Centre,166494,,Mon-Fri,Jul14-24,9:30-10 a.m.
Aquatics,Preschool Aquatics,RC Sea Otter,3-6 years,Victoria Road Recreation Centre,166495,No class Aug 4,Mon-Fri,Jul 28-Aug 8,9:30-10 a.m.
Aquatics,Preschool Aquatics,RC Sea Otter,3-6 years,Victoria Road Recreation Centre,166496,,Mon-Fri,Aug11-21,9:30-10 a.m.
Aquatics,Preschool Aquatics,RC Sea Otter,3-6 years,Victoria Road Recreation Centre,166497,,Mon-Fri,Jul14-24,10:30-11 a.m.
Aquatics,Preschool Aquatics,RC Sea Otter,3-6 years,Victoria Road Recreation Centre,166498,No class Aug 4,Mon-Fri,Jul 28-Aug 8,10:30-11 a.m.
Aquatics,Preschool Aquatics,RC Sea Otter,3-6 years,Victoria Road Recreation Centre,166499,,Mon-Fri,Aug11-21,10:30-11 a.m.
Aquatics,Preschool Aquatics,RC Sea Turtle,24-36mos,West End Community Centre,166501,Combined with Duck,Tue/Thu,Aug5-28,6:30-7 p.m.
Aquatics,Preschool Aquatics,RC Sea Turtle,24-36mos,Victoria Road Recreation Centre,166502,No class Aug 4  Combined with Starfish & Duck,Mon-Fri,Jul 28-Aug 8,10-10:30 a.m.
Aquatics,Preschool Aquatics,RC Sea Turtle,24-36mos,West End Community Centre,166503,No class Aug 4,Mon-Fri,Jul 28-Aug 8,9-9:30 a.m.
Aquatics,Preschool Aquatics,RC Starfish,4-12mos,Victoria Road Recreation Centre,166504,Combined with Sea Turle & Duck  No class Aug 4,Mon-Fri,Jul 28-Aug 8,10-10:30 a.m.
Aquatics,Preschool Aquatics,RC Starfish,4-12mos,Victoria Road Recreation Centre,166505,Combined with Sea Turtle & Duck,Mon-Fri,Jul14-24,10-10:30 a.m.
Aquatics,Preschool Aquatics,RC Starfish,4-12mos,West End Community Centre,166506,Combined with Duck,Tue/Thu,Aug5-28,6-6:30 p.m.
Aquatics,Preschool Aquatics,RC Starfish,4-12mos,West End Community Centre,166507,Combined with Duck  No class Aug 4,Wed/Mon,Jul 30-Aug 27,5:30-6 p.m.
Aquatics,Preschool Aquatics,RC Sunfish,3-6 years,Victoria Road Recreation Centre,166508,,Mon-Fri,Jul14-24,9:30-10 a.m.
Aquatics,Preschool Aquatics,RC Sunfish,3-6 years,Victoria Road Recreation Centre,166509,No class Aug 4,Mon-Fri,Jul 28-Aug 8,9:30-10 a.m.
Aquatics,Preschool Aquatics,RC Sunfish,3-6 years,Victoria Road Recreation Centre,166510,,Mon-Fri,Aug11-21,9:30-10 a.m.
Aquatics,Preschool Aquatics,RC Sunfish,3-6 years,Victoria Road Recreation Centre,166514,8 lessons,Tue/Thu,Aug5-28,6:30-7 p.m.
Aquatics,Preschool Aquatics,RC Sunfish,3-6 years,West End Community Centre,166515,No class Aug 4,Mon-Fri,Jul 28-Aug 8,9-9:30 a.m.
Aquatics,Preschool Aquatics,RC Sunfish,3-6 years,West End Community Centre,166516,Combined with Salamander  No class Aug 4  8 Lessons,Wed/Mon,Jul 30-Aug 27,7-7:30 p.m.
Aquatics,Preschool Aquatics,RC Sunfish,3-6 years,West End Community Centre,166517,Combined with Salamander,Tue/Thu,Aug5-28,6-6:30 p.m.
Aquatics,Preschool Aquatics,RC Sunfish,3-6 years,West End Community Centre,166518,Combined with Salamander  No class Aug 4,Wed/Mon,Jul 30-Aug 27,5:30-6 p.m.
Aquatics,Preschool Aquatics,RC Sunfish,3-6 years,West End Community Centre,166519,Combined with Salamander,Tue/Thu,Aug5-28,5-5:30 p.m.
Aquatics,Schoolage Aquatics,RC Swim Kids  1,5-12 years,Victoria Road Recreation Centre,166520,,Mon-Fri,Jul14-24,9:30-10 a.m.
Aquatics,Schoolage Aquatics,RC Swim Kids  1,5-12 years,Victoria Road Recreation Centre,166521,No class Aug 4,Mon-Fri,Jul 28-Aug 8,9:30-10 a.m.
Aquatics,Schoolage Aquatics,RC Swim Kids  1,5-12 years,Victoria Road Recreation Centre,166522,,Mon-Fri,Aug11-21,9:30-10 a.m.
Aquatics,Schoolage Aquatics,RC Swim Kids  1,5-12 years,Victoria Road Recreation Centre,166523,,Mon-Fri,Jul14-24,10:30-11 a.m.
Aquatics,Schoolage Aquatics,RC Swim Kids  1,5-12 years,Victoria Road Recreation Centre,166524,Combined with Swim Kids 2  No class Aug 4,Mon-Fri,Jul 28-Aug 8,10:30-11 a.m.
Aquatics,Schoolage Aquatics,RC Swim Kids  1,5-12 years,Victoria Road Recreation Centre,166525,,Tue/Thu,Aug5-28,7-7:30 p.m.
Aquatics,Schoolage Aquatics,RC Swim Kids  1,5-12 years,Victoria Road Recreation Centre,166526,Combined with Swim Kids 2,Mon-Fri,Aug11-21,10:30-11 a.m.
Aquatics,Schoolage Aquatics,RC Swim Kids  1,5-12 years,Victoria Road Recreation Centre,166527,,Tue/Thu,Aug5-28,5:30-6 p.m.
Aquatics,Schoolage Aquatics,RC Swim Kids  1,5-12 years,West End Community Centre,166529,No class Aug 4,Mon-Fri,Jul 28-Aug 8,10-10:30 a.m.
Aquatics,Schoolage Aquatics,RC Swim Kids  1,5-12 years,West End Community Centre,166530,Combined with Swim Kids 2  No class Aug 4,Wed/Mon,Jul 30-Aug 27,6-6:30 p.m.
Aquatics,Schoolage Aquatics,RC Swim Kids  1,5-12 years,West End Community Centre,166531,Combined with Swim Kids 2,Tue/Thu,Aug5-28,7-7:30 p.m.
Aquatics,Schoolage Aquatics,RC Swim Kids  1,5-12 years,West End Community Centre,166532,Combined with Swim Kids 2,Tue/Thu,Aug5-28,5:30-6 p.m.
Aquatics,Schoolage Aquatics,RC Swim Kids 10,6-12 years,Victoria Road Recreation Centre,166533,Combined with Swim Kids 9,Tue,Jul 8-Aug 26,7-8 p.m.
Aquatics,Schoolage Aquatics,RC Swim Kids 10,6-12 years,Victoria Road Recreation Centre,166534,Combined with Swim Kids 9  No class Aug 4,Mon-Fri,Jul 28-Aug 8,10-11 a.m.
Aquatics,Schoolage Aquatics,RC Swim Kids 10,6-12 years,Victoria Road Recreation Centre,166535,Combined with Swim Kids 9,Mon-Fri,Aug11-21,10-11 a.m.
Aquatics,Schoolage Aquatics,RC Swim Kids 10,6-12 years,West End Community Centre,166537,Combined with Swim Kids 9  No class Aug 4,Wed/Mon,Jul 30-Aug 27,4:30-5:30 p.m.
Aquatics,Schoolage Aquatics,RC Swim Kids 10,6-12 years,West End Community Centre,166538,Combined with Swim Kids 9,Tue/Thu,Aug5-28,7-8 p.m.
Aquatics,Schoolage Aquatics,RC Swim Kids 10,6-12 years,West End Community Centre,166539,Combined with Swim Kids 9  No class Aug 4,Mon-Fri,Jul 28-Aug 8,10:30-11:30 a.m.
Aquatics,Schoolage Aquatics,RC Swim Kids 2,5-12 years,Victoria Road Recreation Centre,166540,,Mon-Fri,Jul14-24,10:30-11 a.m.
Aquatics,Schoolage Aquatics,RC Swim Kids 2,5-12 years,Victoria Road Recreation Centre,166541,Combined with Swim Kids 1,Mon-Fri,Aug11-21,10:30-11 a.m.
Aquatics,Schoolage Aquatics,RC Swim Kids 2,5-12 years,Victoria Road Recreation Centre,166542,,Mon-Fri,Jul14-24,9:30-10 a.m.
Aquatics,Schoolage Aquatics,RC Swim Kids 2,5-12 years,Victoria Road Recreation Centre,166543,No class Aug 4  Combined with Swim Kids 1,Mon-Fri,Jul 28-Aug 8,10:30-11 a.m.
Aquatics,Schoolage Aquatics,RC Swim Kids 2,5-12 years,Victoria Road Recreation Centre,166544,Combined with Swim Kids 1,Mon-Fri,Aug11-21,9:30-10 a.m.
Aquatics,Schoolage Aquatics,RC Swim Kids 2,5-12 years,Victoria Road Recreation Centre,166545,,Tue/Thu,Aug5-28,5:30-6 p.m.
Aquatics,Schoolage Aquatics,RC Swim Kids 2,5-12 years,Victoria Road Recreation Centre,166546,No class Aug 4,Mon-Fri,Jul 28-Aug 8,9:30-10 a.m.
Aquatics,Schoolage Aquatics,RC Swim Kids 2,5-13 years,West End Community Centre,166547,No class Aug 4,Mon-Fri,Jul 28-Aug 8,9-9:30 a.m.
Aquatics,Schoolage Aquatics,RC Swim Kids 2,5-13 years,West End Community Centre,166548,Combined with Swim Kids 1  No class Aug 4,Wed/Mon,Jul 30-Aug 27,6-6:30 p.m.
Aquatics,Schoolage Aquatics,RC Swim Kids 2,5-13 years,West End Community Centre,166549,Combined with Swim Kids 1,Tue/Thu,Aug5-28,7-7:30 p.m.
Aquatics,Schoolage Aquatics,RC Swim Kids 2,5-13 years,West End Community Centre,166550,Combined with Swim Kids 1,Tue/Thu,Aug5-28,5:30-6 p.m.
Aquatics,Schoolage Aquatics,RC Swim Kids 3,5-12 years,Victoria Road Recreation Centre,166551,,Mon-Fri,Aug11-21,9-9:30 a.m.
Aquatics,Schoolage Aquatics,RC Swim Kids 3,5-12 years,Victoria Road Recreation Centre,166552,No class Aug 4,Mon-Fri,Jul 28-Aug 8,9-9:30 a.m.
Aquatics,Schoolage Aquatics,RC Swim Kids 3,5-12 years,Victoria Road Recreation Centre,166553,,Mon-Fri,Jul14-24,10:30-11 a.m.
Aquatics,Schoolage Aquatics,RC Swim Kids 3,5-12 years,Victoria Road Recreation Centre,166554,No class Aug 4,Mon-Fri,Jul 28-Aug 8,10:30-11 a.m.
Aquatics,Schoolage Aquatics,RC Swim Kids 3,5-12 years,Victoria Road Recreation Centre,166555,,Mon-Fri,Aug11-21,10:30-11 a.m.
Aquatics,Schoolage Aquatics,RC Swim Kids 3,5-12 years,Victoria Road Recreation Centre,166556,,Mon-Fri,Jul14-24,9-9:30 a.m.
Aquatics,Schoolage Aquatics,RC Swim Kids 3,5-12 years,Victoria Road Recreation Centre,166557,,Tue/Thu,Aug5-28,6:30-7 p.m.
Aquatics,Schoolage Aquatics,RC Swim Kids 3,5-12 years,West End Community Centre,166558,No class Aug 4,Mon-Fri,Jul 28-Aug 8,9:30-10 a.m.
Aquatics,Schoolage Aquatics,RC Swim Kids 3,5-12 years,West End Community Centre,166559,Combined with Swim Kids 4  No class Aug 4  8 Lessons,Wed/Mon,Jul 30-Aug 27,6:30-7 p.m.
Aquatics,Schoolage Aquatics,RC Swim Kids 3,5-12 years,West End Community Centre,166560,Combined with Swim Kids 4,Tue/Thu,Aug5-28,7:30-8 p.m.
Aquatics,Schoolage Aquatics,RC Swim Kids 3,5-12 years,West End Community Centre,166561,Combined with Swim Kids 4  No class Aug 4,Wed/Mon,Jul 30-Aug 27,4:30-5 p.m.
Aquatics,Schoolage Aquatics,RC Swim Kids 4,5-12 years,Victoria Road Recreation Centre,166562,,Mon-Fri,Jul14-24,9-9:30 a.m.
Aquatics,Schoolage Aquatics,RC Swim Kids 4,5-12 years,Victoria Road Recreation Centre,166563,No class Aug 4,Mon-Fri,Jul 28-Aug 8,9-9:30 a.m.
Aquatics,Schoolage Aquatics,RC Swim Kids 4,5-12 years,Victoria Road Recreation Centre,166564,,Mon-Fri,Jul14-24,10-10:30 a.m.
Aquatics,Schoolage Aquatics,RC Swim Kids 4,5-12 years,Victoria Road Recreation Centre,166565,No class Aug 4,Mon-Fri,Jul 28-Aug 8,10-10:30 a.m.
Aquatics,Schoolage Aquatics,RC Swim Kids 4,5-12 years,Victoria Road Recreation Centre,166566,,Mon-Fri,Aug11-21,9-9:30 a.m.
Aquatics,Schoolage Aquatics,RC Swim Kids 4,5-12 years,Victoria Road Recreation Centre,166567,,Mon-Fri,Aug11-21,10-10:30 a.m.
Aquatics,Schoolage Aquatics,RC Swim Kids 4,5-12 years,Victoria Road Recreation Centre,166568,,Tue/Thu,Aug5-28,6:30-7 p.m.
Aquatics,Schoolage Aquatics,RC Swim Kids 4,5-12 years,West End Community Centre,166569,No class Aug 4,Mon-Fri,Jul 28-Aug 8,9:30-10 a.m.
Aquatics,Schoolage Aquatics,RC Swim Kids 4,5-12 years,West End Community Centre,166570,Combined with Swim Kids 3  No class Aug 4,Wed/Mon,Jul 30-Aug 27,6:30-7 p.m.
Aquatics,Schoolage Aquatics,RC Swim Kids 4,5-12 years,West End Community Centre,166571,Combined with Swim Kids 3,Tue/Thu,Aug5-28,7:30-8 p.m.
Aquatics,Schoolage Aquatics,RC Swim Kids 4,5-12 years,West End Community Centre,166572,Combined with Swim Kids 3  No class Aug 4,Wed/Mon,Jul 30-Aug 27,4:30-5 p.m.
Aquatics,Schoolage Aquatics,RC Swim Kids 5,6-12 years,Victoria Road Recreation Centre,166573,,Mon-Fri,Jul14-24,9-9:45 a.m.
Aquatics,Schoolage Aquatics,RC Swim Kids 5,6-12 years,Victoria Road Recreation Centre,166574,No class Aug 4,Mon-Fri,Jul 28-Aug 8,9-9:45 a.m.
Aquatics,Schoolage Aquatics,RC Swim Kids 5,6-12 years,Victoria Road Recreation Centre,166575,,Mon-Fri,Aug11-21,9-9:45 a.m.
Aquatics,Schoolage Aquatics,RC Swim Kids 5,6-12 years,Victoria Road Recreation Centre,166576,,Mon-Fri,Jul14-24,10:30-11:15 a.m.
Aquatics,Schoolage Aquatics,RC Swim Kids 5,6-12 years,West End Community Centre,166577,Combined with Swim Kids 6  No class Aug 4,Mon-Fri,Jul 28-Aug 8,8:45-9:30 a.m.
Aquatics,Schoolage Aquatics,RC Swim Kids 5,6-12 years,West End Community Centre,166578,Combined with Swim Kids 6  No class Aug 4,Mon-Fri,Jul 28-Aug 8,10:30-11:15 a.m.
Aquatics,Schoolage Aquatics,RC Swim Kids 5,6-12 years,West End Community Centre,166579,Combined with Swim Kids 6  No class Aug 4,Wed/Mon,Jul 30-Aug 27,6:15-7 p.m.
Aquatics,Schoolage Aquatics,RC Swim Kids 5,6-12 years,West End Community Centre,166580,Combined with Swim Kids 6,Tue/Thu,Aug5-28,5:15-6 p.m.
Aquatics,Schoolage Aquatics,RC Swim Kids 6,6-12 years,Victoria Road Recreation Centre,166581,,Mon-Fri,Jul14-24,9:45-10:30 a.m.
Aquatics,Schoolage Aquatics,RC Swim Kids 6,6-12 years,Victoria Road Recreation Centre,166582,No class Aug 4,Mon-Fri,Jul 28-Aug 8,9:45-10:30 a.m.
Aquatics,Schoolage Aquatics,RC Swim Kids 6,6-12 years,Victoria Road Recreation Centre,166583,,Mon-Fri,Aug11-21,9:45-10:30 a.m.
Aquatics,Schoolage Aquatics,RC Swim Kids 6,6-12 years,West End Community Centre,166584,Combined with Swim Kids 5  No class Aug 4,Mon-Fri,Jul 28-Aug 8,10:30-11:15 a.m.
Aquatics,Schoolage Aquatics,RC Swim Kids 6,6-12 years,West End Community Centre,166585,Combined with Swim Kids 5  No class Aug 4,Mon-Fri,Jul 28-Aug 8,8:45-9:30 a.m.
Aquatics,Schoolage Aquatics,RC Swim Kids 6,6-12 years,West End Community Centre,166586,Combined with Swim Kids 5  No class Aug 4,Wed/Mon,Jul 30-Aug 27,6:15-7 p.m.
Aquatics,Schoolage Aquatics,RC Swim Kids 6,6-12 years,West End Community Centre,166587,Combined with Swim Kids 5,Tue/Thu,Aug5-28,5:15-6 p.m.
Aquatics,Schoolage Aquatics,RC Swim Kids 7,6-12 years,Victoria Road Recreation Centre,166588,,Mon-Fri,Jul14-24,9-10 a.m.
Aquatics,Schoolage Aquatics,RC Swim Kids 7,6-12 years,Victoria Road Recreation Centre,166589,Combined with Swim Kids 8  No class Aug 4,Mon-Fri,Jul 28-Aug 8,9-10 a.m.
Aquatics,Schoolage Aquatics,RC Swim Kids 7,6-12 years,Victoria Road Recreation Centre,166590,Combined with Swim Kids 8,Mon-Fri,Aug11-21,9-10 a.m.
Aquatics,Schoolage Aquatics,RC Swim Kids 7,6-12 years,West End Community Centre,166591,Combined with Swim Kids 8  No class Aug 4,Mon-Fri,Jul 28-Aug 8,9:30-10:30 a.m.
Aquatics,Schoolage Aquatics,RC Swim Kids 7,6-12 years,West End Community Centre,166592,Combined with Swim Kids 8,Tue/Thu,Aug5-28,6-7 p.m.
Aquatics,Schoolage Aquatics,RC Swim Kids 7,6-12 years,West End Community Centre,166593,Combined with Swim Kids 8  No class Aug 4,Wed/Mon,Jul 30-Aug 27,4:15-5:15 p.m.
Aquatics,Schoolage Aquatics,RC Swim Kids 8,6-12 years,Victoria Road Recreation Centre,166594,Combined with Swim Kids 7,Mon-Fri,Jul14-24,9-10 a.m.
Aquatics,Schoolage Aquatics,RC Swim Kids 8,6-12 years,Victoria Road Recreation Centre,166595,Combined with Swim Kids 7  No class Aug 4,Mon-Fri,Jul 28-Aug 8,9-10 a.m.
Aquatics,Schoolage Aquatics,RC Swim Kids 8,6-12 years,Victoria Road Recreation Centre,166596,Combined with Swim Kids 7,Mon-Fri,Aug11-21,9-10 a.m.
Aquatics,Schoolage Aquatics,RC Swim Kids 8,6-12 years,West End Community Centre,166597,Combined with Swim Kids 7,Tue/Thu,Aug5-28,6-7 p.m.
Aquatics,Schoolage Aquatics,RC Swim Kids 8,6-12 years,West End Community Centre,166598,Combined with Swim Kids 7  No class Aug 4,Mon-Fri,Jul 28-Aug 8,9:30-10:30 a.m.
Aquatics,Schoolage Aquatics,RC Swim Kids 8,6-12 years,West End Community Centre,166599,Combined with Swim Kids 7  No class Aug 4,Wed/Mon,Jul 30-Aug 27,4:15-5:15 p.m.
Aquatics,Schoolage Aquatics,RC Swim Kids 9,6-12 years,Victoria Road Recreation Centre,166600,Combined with Swim Kids 10,Mon-Fri,Jul14-24,10-11 a.m.
Aquatics,Schoolage Aquatics,RC Swim Kids 9,6-12 years,Victoria Road Recreation Centre,166601,Combined with Swim Kids 10  No class Aug 4,Mon-Fri,Jul 28-Aug 8,10-11 a.m.
Aquatics,Schoolage Aquatics,RC Swim Kids 9,6-12 years,Victoria Road Recreation Centre,166602,Combined with Swim Kids 10,Mon-Fri,Aug11-21,10-11 a.m.
Aquatics,Schoolage Aquatics,RC Swim Kids 9,6-12 years,West End Community Centre,166604,Combined with Swim Kids 10  No class Aug 4,Wed/Mon,Jul 30-Aug 27,4:30-5:30 p.m.
Aquatics,Schoolage Aquatics,RC Swim Kids 9,6-12 years,West End Community Centre,166605,Combined with Swim Kids 10,Tue/Thu,Aug5-28,7-8 p.m.
Aquatics,Schoolage Aquatics,RC Swim Kids 9,6-12 years,West End Community Centre,166606,Combined with Swim Kids 10  No class Aug 4,Mon-Fri,Jul 28-Aug 8,10:30-11:30 a.m.
Aquatics,Preschool Aquatics,RC Whale,3-6 years,Victoria Road Recreation Centre,166607,Combined with Crocodile,Mon-Fri,Jul14-24,10-10:30 a.m.
Aquatics,Preschool Aquatics,RC Whale,3-6 years,Victoria Road Recreation Centre,166608,Combined with Crocodile  No class Aug 5,Mon-Fri,Jul 28-Aug 8,10-10:30 a.m.
Aquatics,Preschool Aquatics,RC Whale,3-6 years,Victoria Road Recreation Centre,166609,Combined with Crocodile,Mon-Fri,Aug11-21,10-10:30 a.m.
Aquatics,Preschool Aquatics,RC Whale,3-6 years,West End Community Centre,166610,Combined with Crocodile  No class Aug 4,Wed/Mon,Jul 30-Aug 27,7-7:30 p.m.
Aquatics,Preschool Aquatics,RC Whale,3-6 years,West End Community Centre,166611,Combined with Crocodile,Tue/Thu,Aug5-28,7-7:30 p.m.
Aquatics,Preschool Aquatics,RC Whale,3-6 years,West End Community Centre,166612,Combined with Crocodile  No class Aug 4,Mon-Fri,Jul 28-Aug 8,8:30-9 a.m.
Aquatics,Preschool Aquatics,Sea Lion,32mos-5 years,West End Community Centre,166613,No class Aug 4,Wed/Mon,Jul 30-Aug 27,5-5:30 p.m.
Aquatics,Preschool Aquatics,Sea Lion,32mos-5 years,West End Community Centre,166614,,Tue/Thu,Aug5-28,6:30-7 p.m.
Aquatics,Preschool Aquatics,Sea Lion,32mos-5 years,West End Community Centre,166615,,Tue/Thu,Aug5-28,5-5:30 p.m.
Aquatics,Preschool Aquatics,Sea Lion,32mos-5 years,West End Community Centre,166616,No class Aug 4,Mon-Fri,Jul 28-Aug 8,9-9:30 a.m.
Aquatics,Schoolage Aquatics,RC Swim Kids 2,5-13 years,West End Community Centre,166722,Combined with Swim Kids 1,Tue,Jul 8-Aug 26,6:30-7 p.m.
Aquatics,Preschool Aquatics,Sea Lion,32mos-5 years,West End Community Centre,166723,,Tue,Jul 8-Aug 26,6-6:30 p.m.
Aquatics,Preschool Aquatics,Sea Lion,32mos-5 years,West End Community Centre,166724,,Wed,Jul 2-Aug 27,4:30-5 p.m.
Aquatics,Preschool Aquatics,Sea Lion,32mos-5 years,West End Community Centre,166725,,Wed,Jul 2-Aug 27,5:30-6 p.m.
Aquatics,Preschool Aquatics,RC Sea Otter,3-6 years,West End Community Centre,166726,,Wed,Jul 2-Aug 27,5:30-6 p.m.
Aquatics,Schoolage Aquatics,RC Swim Kids  1,5-12 years,West End Community Centre,166727,Combined with Swim Kids 2,Wed,Jul 2-Aug 27,6-6:30 p.m.
Aquatics,Schoolage Aquatics,RC Swim Kids 2,5-13 years,West End Community Centre,166728,Combined with Swim Kids 1,Wed,Jul 2-Aug 27,6-6:30 p.m.
Aquatics,H3O Classes (Tri-Privates),H30 - RC  Sea Otter,3-6 years,West End Community Centre,166731,,Fri,Jul 4-Aug 22,4:15-4:45 p.m.
Aquatics,H3O Classes (Tri-Privates),H30 - RC  Sea Otter,3-6 years,West End Community Centre,166732,,Fri,Jul 4-Aug 22,5:15-5:45 p.m.
Aquatics,H3O Classes (Tri-Privates),H30 - RC Salamander,3-6 years,West End Community Centre,166733,,Fri,Jul 4-Aug 22,4:45-5:15 p.m.
Aquatics,Preschool Aquatics,Sea Lion,32mos-5 years,West End Community Centre,166772,,Thu,Jul 3-Aug 28,5-5:30 p.m.
Aquatics,Preschool Aquatics,Sea Lion,32mos-5 years,West End Community Centre,166773,,Thu,Jul 3-Aug 28,5:30-6 p.m.
Aquatics,Private Aquatic Lessons,Privates - WECC,3-15 years,West End Community Centre,166774,,Thu,Jul 3-Aug 28,6:30-7 p.m.
Aquatics,Private Aquatic Lessons,Privates - WECC,3-15 years,West End Community Centre,166775,,Thu,Jul 3-Aug 28,7-7:30 p.m.
Aquatics,Preschool Aquatics,RC Sea Otter,3-6 years,West End Community Centre,166776,,Thu,Jul 3-Aug 28,4:30-5 p.m.
Aquatics,Schoolage Aquatics,RC Swim Kids 2,5-13 years,West End Community Centre,167247,Combined with Swim Kids 1,Thu/Tue,Jul3-31,7-7:30 p.m.
Aquatics,Preschool Aquatics,RC Salamander,3-6 years,West End Community Centre,167248,Combined with Sunfish,Tue/Thu,Aug5-28,6-6:30 p.m.
Aquatics,Preschool Aquatics,Sea Lion,32mos-5 years,West End Community Centre,167272,No class July 1,Mon-Fri,Jun 30-Jul 11,9-9:30 a.m.
Aquatics,Preschool Aquatics,Sea Lion,32mos-5 years,West End Community Centre,167273,No class Aug 4,Mon-Fri,Jul 28-Aug 8,8:30-9 a.m.
Aquatics,Preschool Aquatics,RC Duck,12-24mos,West End Community Centre,167274,No class Jul 1,Mon-Fri,Jun 30-Jul 11,9-9:30 a.m.
Aquatics,Preschool Aquatics,RC Crocodile,3-6 years,Victoria Road Recreation Centre,167952,Combined with Whale,Mon-Fri,Jun 30-Jul 11,10-10:30 a.m.
Aquatics,Preschool Aquatics,RC Crocodile,3-6 years,Victoria Road Recreation Centre,167956,Combined with Whale,Mon,Jun 30-Aug 25,6-6:30 p.m.
Aquatics,Preschool Aquatics,RC Crocodile,3-6 years,Victoria Road Recreation Centre,167957,,Tue,Jul 8-Aug 26,6:30-7 p.m.
Aquatics,Preschool Aquatics,RC Crocodile,3-6 years,Victoria Road Recreation Centre,167958,Combined with Whale,Wed,Jul 2-Aug 27,6-6:30 p.m.
Aquatics,Preschool Aquatics,RC Crocodile,3-6 years,Victoria Road Recreation Centre,167960,,Tue/Thu,Aug5-28,5:30-6 p.m.
Aquatics,Preschool Aquatics,RC Duck,12-24mos,Victoria Road Recreation Centre,167962,Combined with Starfish & Sea Turtle,Mon-Fri,Aug11-21,10-10:30 a.m.
Aquatics,Preschool Aquatics,RC Duck,12-24mos,Victoria Road Recreation Centre,167963,,Mon,Jun 30-Aug 25,6:30-7 p.m.
Aquatics,Preschool Aquatics,RC Duck,12-24mos,Victoria Road Recreation Centre,167966,,Thu,Jul 3-Aug 28,7-7:30 p.m.
Aquatics,Preschool Aquatics,RC Salamander,3-6 years,Victoria Road Recreation Centre,167967,,Mon,Jun 30-Aug 25,7-7:30 p.m.
Aquatics,Preschool Aquatics,RC Salamander,3-6 years,Victoria Road Recreation Centre,167968,,Mon,Jun 30-Aug 25,6-6:30 p.m.
Aquatics,Preschool Aquatics,RC Salamander,3-6 years,Victoria Road Recreation Centre,167969,,Tue,Jul 8-Aug 26,5:30-6 p.m.
Aquatics,Preschool Aquatics,RC Salamander,3-6 years,Victoria Road Recreation Centre,167971,,Wed,Jul 2-Aug 27,5-5:30 p.m.
Aquatics,Preschool Aquatics,RC Salamander,3-6 years,Victoria Road Recreation Centre,167972,,Mon-Fri,Jun 30-Jul 11,10:30-11 a.m.
Aquatics,Preschool Aquatics,RC Salamander,3-6 years,Victoria Road Recreation Centre,167973,,Mon-Fri,Jun 30-Jul 11,9-9:30 a.m.
Aquatics,Preschool Aquatics,RC Salamander,3-6 years,Victoria Road Recreation Centre,167974,,Mon-Fri,Jul14-24,10-10:30 a.m.
Aquatics,Preschool Aquatics,RC Salamander,3-6 years,Victoria Road Recreation Centre,167975,No class Aug 4,Mon-Fri,Jul 28-Aug 8,10-10:30 a.m.
Aquatics,Preschool Aquatics,RC Salamander,3-6 years,Victoria Road Recreation Centre,167976,,Mon-Fri,Aug11-21,10-10:30 a.m.
Aquatics,Preschool Aquatics,RC Salamander,3-6 years,Victoria Road Recreation Centre,167977,,Mon-Fri,Aug11-21,10:30-11 a.m.
Aquatics,Preschool Aquatics,RC Salamander,3-6 years,Victoria Road Recreation Centre,167978,,Mon-Fri,Jul14-24,10:30-11 a.m.
Aquatics,Preschool Aquatics,RC Salamander,3-6 years,Victoria Road Recreation Centre,167980,,Wed,Jul 2-Aug 27,6:30-7 p.m.
Aquatics,Preschool Aquatics,RC Salamander,3-6 years,Victoria Road Recreation Centre,167981,,Thu,Jul 3-Aug 28,5:30-6 p.m.
Aquatics,Preschool Aquatics,RC Salamander,3-6 years,Victoria Road Recreation Centre,167982,,Thu,Jul 3-Aug 28,7-7:30 p.m.
Aquatics,Preschool Aquatics,RC Salamander,3-6 years,Victoria Road Recreation Centre,167983,,Thu/Tue,Jul3-31,6-6:30 p.m.
Aquatics,Preschool Aquatics,RC Sea Otter,3-6 years,Victoria Road Recreation Centre,167987,,Mon,Jun 30-Aug 25,6-6:30 p.m.
Aquatics,Preschool Aquatics,RC Sea Otter,3-6 years,Victoria Road Recreation Centre,167988,,Tue,Jul 8-Aug 26,5:30-6 p.m.
Aquatics,Preschool Aquatics,RC Sea Otter,3-6 years,Victoria Road Recreation Centre,167989,,Tue,Jul 8-Aug 26,6:30-7 p.m.
Aquatics,Preschool Aquatics,RC Sea Otter,3-6 years,Victoria Road Recreation Centre,167990,,Wed,Jul 2-Aug 27,5:30-6 p.m.
Aquatics,Preschool Aquatics,RC Sea Otter,3-6 years,Victoria Road Recreation Centre,167991,,Wed,Jul 2-Aug 27,6:30-7 p.m.
Aquatics,Preschool Aquatics,RC Sea Otter,3-6 years,Victoria Road Recreation Centre,167992,,Thu,Jul 3-Aug 28,5:30-6 p.m.
Aquatics,Preschool Aquatics,RC Sea Otter,3-6 years,Victoria Road Recreation Centre,167993,,Thu,Jul 3-Aug 28,6:30-7 p.m.
Aquatics,Preschool Aquatics,RC Sea Otter,3-6 years,Victoria Road Recreation Centre,167994,,Thu/Tue,Jul3-31,6-6:30 p.m.
Aquatics,Preschool Aquatics,RC Sea Otter,3-6 years,Victoria Road Recreation Centre,167996,,Thu/Tue,Jul3-31,7-7:30 p.m.
Aquatics,Preschool Aquatics,RC Sea Otter,3-6 years,Victoria Road Recreation Centre,167998,,Mon-Fri,Jun 30-Jul 11,9:30-10 a.m.
Aquatics,Preschool Aquatics,RC Sea Otter,3-6 years,Victoria Road Recreation Centre,167999,,Mon-Fri,Jul14-24,10-10:30 a.m.
Aquatics,Preschool Aquatics,RC Sea Otter,3-6 years,Victoria Road Recreation Centre,168000,No class Aug 4,Mon-Fri,Jul 28-Aug 8,10-10:30 a.m.
Aquatics,Preschool Aquatics,RC Sea Otter,3-6 years,Victoria Road Recreation Centre,168001,,Mon-Fri,Aug11-21,10-10:30 a.m.
Aquatics,Preschool Aquatics,RC Sea Otter,3-6 years,Victoria Road Recreation Centre,168002,,Mon-Fri,Jun 30-Jul 11,10:30-11 a.m.
Aquatics,Preschool Aquatics,RC Sea Otter,3-6 years,Victoria Road Recreation Centre,168006,,Mon-Fri,Jun 30-Jul 11,10-10:30 a.m.
Aquatics,Preschool Aquatics,RC Sea Turtle,24-36mos,Victoria Road Recreation Centre,168008,,Mon,Jun 30-Aug 25,6-6:30 p.m.
Aquatics,Preschool Aquatics,RC Sea Turtle,24-36mos,Victoria Road Recreation Centre,168009,,Tue,Jul 8-Aug 26,6:30-7 p.m.
Aquatics,Preschool Aquatics,RC Sea Turtle,24-36mos,Victoria Road Recreation Centre,168010,,Wed,Jul 2-Aug 27,6:30-7 p.m.
Aquatics,Preschool Aquatics,RC Sea Turtle,24-36mos,Victoria Road Recreation Centre,168011,,Thu,Jul 3-Aug 28,5:30-6 p.m.
Aquatics,Preschool Aquatics,RC Sea Turtle,24-36mos,Victoria Road Recreation Centre,168012,Combined with Starfish & Duck,Mon-Fri,Aug11-21,10-10:30 a.m.
Aquatics,Preschool Aquatics,RC Starfish,4-12mos,Victoria Road Recreation Centre,168014,,Mon,Jun 30-Aug 25,5:30-6 p.m.
Aquatics,Preschool Aquatics,RC Starfish,4-12mos,Victoria Road Recreation Centre,168015,Combined with Duck,Tue,Jul 8-Aug 26,5-5:30 p.m.
Aquatics,Preschool Aquatics,RC Starfish,4-12mos,Victoria Road Recreation Centre,168016,,Wed,Jul 2-Aug 27,6-6:30 p.m.
Aquatics,Preschool Aquatics,RC Starfish,4-12mos,Victoria Road Recreation Centre,168017,,Thu,Jul 3-Aug 28,6:30-7 p.m.
Aquatics,Preschool Aquatics,RC Sunfish,3-6 years,Victoria Road Recreation Centre,168020,,Mon,Jun 30-Aug 25,6-6:30 p.m.
Aquatics,Preschool Aquatics,RC Sunfish,3-6 years,Victoria Road Recreation Centre,168021,,Tue,Jul 8-Aug 26,6:30-7 p.m.
Aquatics,Preschool Aquatics,RC Sunfish,3-6 years,Victoria Road Recreation Centre,168022,,Wed,Jul 2-Aug 27,6:30-7 p.m.
Aquatics,Preschool Aquatics,RC Sunfish,3-6 years,Victoria Road Recreation Centre,168023,,Thu,Jul 3-Aug 28,6-6:30 p.m.
Aquatics,Preschool Aquatics,RC Sunfish,3-6 years,Victoria Road Recreation Centre,168024,,Mon-Fri,Jun 30-Jul 11,9:30-10 a.m.
Aquatics,Preschool Aquatics,RC Sunfish,3-6 years,Victoria Road Recreation Centre,168029,,Mon-Fri,Jul14-24,10:30-11 a.m.
Aquatics,Preschool Aquatics,RC Sunfish,3-6 years,Victoria Road Recreation Centre,168030,No class Aug 5,Mon-Fri,Jul 28-Aug 8,10:30-11 a.m.
Aquatics,Preschool Aquatics,RC Sunfish,3-6 years,Victoria Road Recreation Centre,168031,,Mon-Fri,Aug11-21,10:30-11 a.m.
Aquatics,Preschool Aquatics,RC Sunfish,3-6 years,Victoria Road Recreation Centre,168032,,Thu/Tue,Jul3-31,6:30-7 p.m.
Aquatics,Preschool Aquatics,RC Sunfish,3-6 years,Victoria Road Recreation Centre,168034,,Mon-Fri,Jun 30-Jul 11,10:30-11 a.m.
Aquatics,Preschool Aquatics,RC Sunfish,3-6 years,Victoria Road Recreation Centre,168035,,Wed,Jul 2-Aug 27,5-5:30 p.m.
Aquatics,Preschool Aquatics,RC Whale,3-6 years,Victoria Road Recreation Centre,168036,,Mon-Fri,Jun 30-Jul 11,10-10:30 a.m.
Aquatics,Preschool Aquatics,RC Whale,3-6 years,Victoria Road Recreation Centre,168042,Combined with Crocodile,Wed,Jul 2-Aug 27,6-6:30 p.m.
Aquatics,Preschool Aquatics,Sea Lion,32mos-5 years,Victoria Road Recreation Centre,168043,,Mon,Jun 30-Aug 25,6:30-7 p.m.
Aquatics,Preschool Aquatics,Sea Lion,32mos-5 years,Victoria Road Recreation Centre,168044,,Tue,Jul 8-Aug 26,6-6:30 p.m.
Aquatics,Preschool Aquatics,Sea Lion,32mos-5 years,Victoria Road Recreation Centre,168045,,Wed,Jul 2-Aug 27,6-6:30 p.m.
Aquatics,Preschool Aquatics,Sea Lion,32mos-5 years,Victoria Road Recreation Centre,168046,,Thu,Jul 3-Aug 28,5:30-6 p.m.
Aquatics,Preschool Aquatics,Sea Lion,32mos-5 years,Victoria Road Recreation Centre,168047,,Thu,Jul 3-Aug 28,7-7:30 p.m.
Aquatics,Preschool Aquatics,Sea Lion,32mos-5 years,Victoria Road Recreation Centre,168048,,Mon-Fri,Jun 30-Jul 11,9:30-10 a.m.
Aquatics,Preschool Aquatics,Sea Lion,32mos-5 years,Victoria Road Recreation Centre,168049,,Mon-Fri,Jul14-24,9:30-10 a.m.
Aquatics,Preschool Aquatics,Sea Lion,32mos-5 years,Victoria Road Recreation Centre,168050,,Mon-Fri,Jul 28-Aug 8,9:30-10 a.m.
Aquatics,Preschool Aquatics,Sea Lion,32mos-5 years,Victoria Road Recreation Centre,168051,,Mon-Fri,Aug11-21,9:30-10 a.m.
Aquatics,Preschool Aquatics,Sea Lion,32mos-5 years,Victoria Road Recreation Centre,168052,,Thu/Tue,Jul3-31,6-6:30 p.m.
Aquatics,Preschool Aquatics,Sea Lion,32mos-5 years,Victoria Road Recreation Centre,168053,,Tue/Thu,Aug5-28,6-6:30 p.m.
Aquatics,Schoolage Aquatics,RC Swim Kids  1,5-12 years,Victoria Road Recreation Centre,168167,,Mon-Fri,Jun 30-Jul 11,9:30-10 a.m.
Aquatics,Preschool Aquatics,RC Duck,12-24mos,Victoria Road Recreation Centre,168168,Combined with Starfish & Sea Turtle  No Class Aug 4,Mon-Fri,Jul 28-Aug 8,10-10:30 a.m.
Aquatics,Preschool Aquatics,RC Duck,12-24mos,Victoria Road Recreation Centre,168169,,Wed,Jul 2-Aug 27,5:30-6 p.m.
Aquatics,Preschool Aquatics,RC Duck,12-24mos,Victoria Road Recreation Centre,168170,Combined with Starfish,Tue,Jul 8-Aug 26,5-5:30 p.m.
Aquatics,Preschool Aquatics,RC Sea Turtle,24-36mos,Victoria Road Recreation Centre,168172,Combined with Starfish & Duck,Mon-Fri,Jul14-24,10-10:30 a.m.
Aquatics,Preschool Aquatics,RC Starfish,4-12mos,Victoria Road Recreation Centre,168173,Combined with Sea Turtle & Duck  No class Jul 1,Mon-Fri,Jun 30-Jul 11,10-10:30 a.m.
Aquatics,Preschool Aquatics,RC Starfish,4-12mos,Victoria Road Recreation Centre,168174,Combined with Sea Turtle & Duck,Mon-Fri,Aug11-21,10-10:30 a.m.
Aquatics,Schoolage Aquatics,RC Swim Kids  1,5-12 years,Victoria Road Recreation Centre,168175,,Mon-Fri,Jun 30-Jul 11,10:30-11 a.m.
Aquatics,Schoolage Aquatics,RC Swim Kids  1,5-12 years,Victoria Road Recreation Centre,168176,,Thu/Tue,Jul3-31,7-7:30 p.m.
Aquatics,Schoolage Aquatics,RC Swim Kids  1,5-12 years,Victoria Road Recreation Centre,168177,,Thu/Tue,Jul3-31,5:30-6 p.m.
Aquatics,Schoolage Aquatics,RC Swim Kids  1,5-12 years,Victoria Road Recreation Centre,168178,,Tue,Jul 8-Aug 26,6-6:30 p.m.
Aquatics,Schoolage Aquatics,RC Swim Kids  1,5-12 years,Victoria Road Recreation Centre,168179,,Mon,Jun 30-Aug 25,6:30-7 p.m.
Aquatics,Schoolage Aquatics,RC Swim Kids  1,5-12 years,Victoria Road Recreation Centre,168180,,Wed,Jul 2-Aug 27,7-7:30 p.m.
Aquatics,Schoolage Aquatics,RC Swim Kids  1,5-12 years,Victoria Road Recreation Centre,168181,,Thu,Jul 3-Aug 28,6-6:30 p.m.
Aquatics,Schoolage Aquatics,RC Swim Kids 10,6-12 years,Victoria Road Recreation Centre,168182,Combined with Swim Kids 9  No class Jul 1,Mon-Fri,Jun 30-Jul 11,10-11 a.m.
Aquatics,Schoolage Aquatics,RC Swim Kids 10,6-12 years,Victoria Road Recreation Centre,168183,Combined with Swim Kids 9,Mon-Fri,Jul14-24,10-11 a.m.
Aquatics,Schoolage Aquatics,RC Swim Kids 10,6-12 years,Victoria Road Recreation Centre,168184,Combined with Swim Kids 9,Thu,Jul 3-Aug 28,6-7 p.m.
Aquatics,Schoolage Aquatics,RC Swim Kids 2,5-12 years,Victoria Road Recreation Centre,168185,,Thu/Tue,Jul3-31,5:30-6 p.m.
Aquatics,Schoolage Aquatics,RC Swim Kids 2,5-12 years,Victoria Road Recreation Centre,168186,,Mon-Fri,Jun 30-Jul 11,10:30-11 a.m.
Aquatics,Schoolage Aquatics,RC Swim Kids 2,5-12 years,Victoria Road Recreation Centre,168187,,Mon-Fri,Jun 30-Jul 11,9:30-10 a.m.
Aquatics,Schoolage Aquatics,RC Swim Kids 2,5-12 years,Victoria Road Recreation Centre,168188,,Tue,Jul 8-Aug 26,6-6:30 p.m.
Aquatics,Schoolage Aquatics,RC Swim Kids 2,5-12 years,Victoria Road Recreation Centre,168189,,Thu,Jul 3-Aug 28,6:30-7 p.m.
Aquatics,Schoolage Aquatics,RC Swim Kids 2,5-12 years,Victoria Road Recreation Centre,168190,,Mon,Jun 30-Aug 25,6:30-7 p.m.
Aquatics,Schoolage Aquatics,RC Swim Kids 2,5-12 years,Victoria Road Recreation Centre,168191,,Wed,Jul 2-Aug 27,6-6:30 p.m.
Aquatics,Schoolage Aquatics,RC Swim Kids 3,5-12 years,Victoria Road Recreation Centre,168192,,Mon-Fri,Jun 30-Jul 11,9-9:30 a.m.
Aquatics,Schoolage Aquatics,RC Swim Kids 3,5-12 years,Victoria Road Recreation Centre,168193,,Mon-Fri,Jun 30-Jul 11,10:30-11 a.m.
Aquatics,Schoolage Aquatics,RC Swim Kids 3,5-12 years,Victoria Road Recreation Centre,168194,,Thu/Tue,Jul3-31,6:30-7 p.m.
Aquatics,Schoolage Aquatics,RC Swim Kids 3,5-12 years,Victoria Road Recreation Centre,168195,,Mon,Jun 30-Aug 25,7-7:30 p.m.
Aquatics,Schoolage Aquatics,RC Swim Kids 3,5-12 years,Victoria Road Recreation Centre,168196,,Tue,Jul 8-Aug 26,7-7:30 p.m.
Aquatics,Schoolage Aquatics,RC Swim Kids 3,5-12 years,Victoria Road Recreation Centre,168197,,Tue,Jul 8-Aug 26,5-5:30 p.m.
Aquatics,Schoolage Aquatics,RC Swim Kids 3,5-12 years,Victoria Road Recreation Centre,168198,,Wed,Jul 2-Aug 27,7-7:30 p.m.
Aquatics,Schoolage Aquatics,RC Swim Kids 3,5-12 years,Victoria Road Recreation Centre,168199,,Wed,Jul 2-Aug 27,5:30-6 p.m.
Aquatics,Schoolage Aquatics,RC Swim Kids 3,5-12 years,Victoria Road Recreation Centre,168200,,Thu,Jul 3-Aug 28,6-6:30 p.m.
Aquatics,Schoolage Aquatics,RC Swim Kids 4,5-12 years,Victoria Road Recreation Centre,168201,,Mon-Fri,Jun 30-Jul 11,9-9:30 a.m.
Aquatics,Schoolage Aquatics,RC Swim Kids 4,5-12 years,Victoria Road Recreation Centre,168202,,Mon-Fri,Jun 30-Jul 11,10-10:30 a.m.
Aquatics,Schoolage Aquatics,RC Swim Kids 4,5-12 years,Victoria Road Recreation Centre,168203,,Thu/Tue,Jul3-31,6:30-7 p.m.
Aquatics,Schoolage Aquatics,RC Swim Kids 4,5-12 years,Victoria Road Recreation Centre,168204,,Mon,Jun 30-Aug 25,7-7:30 p.m.
Aquatics,Schoolage Aquatics,RC Swim Kids 4,5-12 years,Victoria Road Recreation Centre,168205,,Tue,Jul 8-Aug 26,7-7:30 p.m.
Aquatics,Schoolage Aquatics,RC Swim Kids 4,5-12 years,Victoria Road Recreation Centre,168206,,Wed,Jul 2-Aug 27,7-7:30 p.m.
Aquatics,Schoolage Aquatics,RC Swim Kids 4,5-12 years,Victoria Road Recreation Centre,168207,,Wed,Jul 2-Aug 27,5:30-6 p.m.
Aquatics,Schoolage Aquatics,RC Swim Kids 4,5-12 years,Victoria Road Recreation Centre,168208,,Tue,Jul 8-Aug 26,5-5:30 p.m.
Aquatics,Schoolage Aquatics,RC Swim Kids 4,5-12 years,Victoria Road Recreation Centre,168209,,Thu,Jul 3-Aug 28,7-7:30 p.m.
Aquatics,Schoolage Aquatics,RC Swim Kids 5,6-12 years,Victoria Road Recreation Centre,168238,No class Jul 1,Mon-Fri,Jun 30-Jul 11,9-9:45 a.m.
Aquatics,Schoolage Aquatics,RC Swim Kids 5,6-12 years,Victoria Road Recreation Centre,168239,No class Jul 1,Mon-Fri,Jun 30-Jul 11,10:30-11:15 a.m.
Aquatics,Schoolage Aquatics,RC Swim Kids 5,6-12 years,Victoria Road Recreation Centre,168240,Combined with Swim Kids 6,Mon,Jun 30-Aug 25,7-7:45 p.m.
Aquatics,Schoolage Aquatics,RC Swim Kids 5,6-12 years,Victoria Road Recreation Centre,168241,Combined with Swim Kids 6,Tue,Jul 8-Aug 26,5:30-6:15 p.m.
Aquatics,Schoolage Aquatics,RC Swim Kids 5,6-12 years,Victoria Road Recreation Centre,168242,,Thu,Jul 3-Aug 28,6:15-7 p.m.
Aquatics,Schoolage Aquatics,RC Swim Kids 5,6-12 years,Victoria Road Recreation Centre,168243,,Wed,Jul 2-Aug 27,5:30-6:15 p.m.
Aquatics,Schoolage Aquatics,RC Swim Kids 6,6-12 years,Victoria Road Recreation Centre,168244,No class Jul 1,Mon-Fri,Jun 30-Jul 11,9:45-10:30 a.m.
Aquatics,Schoolage Aquatics,RC Swim Kids 6,6-12 years,Victoria Road Recreation Centre,168245,Combined with Swim Kids 5,Mon,Jun 30-Aug 25,7-7:45 p.m.
Aquatics,Schoolage Aquatics,RC Swim Kids 6,6-12 years,Victoria Road Recreation Centre,168246,Combined with Swim Kids 5,Tue,Jul 8-Aug 26,5:30-6:15 p.m.
Aquatics,Schoolage Aquatics,RC Swim Kids 6,6-12 years,Victoria Road Recreation Centre,168247,,Wed,Jul 2-Aug 27,6:15-7 p.m.
Aquatics,Schoolage Aquatics,RC Swim Kids 6,6-12 years,Victoria Road Recreation Centre,168248,,Thu,Jul 3-Aug 28,5:30-6:15 p.m.
Aquatics,Schoolage Aquatics,RC Swim Kids 7,6-12 years,Victoria Road Recreation Centre,168249,No class Jul 1,Mon-Fri,Jun 30-Jul 11,9-10 a.m.
Aquatics,Schoolage Aquatics,RC Swim Kids 7,6-12 years,Victoria Road Recreation Centre,168250,Combined with Swim Kids 8,Mon,Jun 30-Aug 25,7-8 p.m.
Aquatics,Schoolage Aquatics,RC Swim Kids 7,6-12 years,Victoria Road Recreation Centre,168251,Combined with Swim Kids 8,Tue,Jul 8-Aug 26,6-7 p.m.
Aquatics,Schoolage Aquatics,RC Swim Kids 7,6-12 years,Victoria Road Recreation Centre,168252,Combined with Swim Kids 8,Wed,Jul 2-Aug 27,7-8 p.m.
Aquatics,Schoolage Aquatics,RC Swim Kids 8,6-12 years,Victoria Road Recreation Centre,168253,No class Jul 1,Mon-Fri,Jun 30-Jul 11,9-10 a.m.
Aquatics,Schoolage Aquatics,RC Swim Kids 8,6-12 years,Victoria Road Recreation Centre,168254,Combined with Swim Kids 7,Tue,Jul 8-Aug 26,6-7 p.m.
Aquatics,Preschool Aquatics,RC Sunfish,3-6 years,Victoria Road Recreation Centre,168255,,Tue,Jul 8-Aug 26,5:30-6 p.m.
Aquatics,Schoolage Aquatics,RC Swim Kids 8,6-12 years,Victoria Road Recreation Centre,168256,Combined with Swim Kids 7,Wed,Jul 2-Aug 27,7-8 p.m.
Aquatics,Schoolage Aquatics,RC Swim Kids 8,6-12 years,Victoria Road Recreation Centre,168257,Combined with Swim Kids 7,Mon,Jun 30-Aug 25,7-8 p.m.
Aquatics,Schoolage Aquatics,RC Swim Kids 9,6-12 years,Victoria Road Recreation Centre,168258,Combined with Swim Kids 10  No class Jul 1,Mon-Fri,Jun 30-Jul 11,10-11 a.m.
Aquatics,Schoolage Aquatics,RC Swim Kids 9,6-12 years,Victoria Road Recreation Centre,168259,Combined with Swim Kids 10,Tue,Jul 8-Aug 26,7-8 p.m.
Aquatics,Schoolage Aquatics,RC Swim Kids 9,6-12 years,Victoria Road Recreation Centre,168260,Combined with Swim Kids 10,Thu,Jul 3-Aug 28,6-7 p.m.
Aquatics,Preschool Aquatics,RC Whale,3-6 years,Victoria Road Recreation Centre,168261,Combined with Crocodile,Mon,Jun 30-Aug 25,6-6:30 p.m.
Aquatics,Private Aquatic Lessons,Privates - VRRC,3+ years,Victoria Road Recreation Centre,168262,,Tue/Thu,Aug5-28,7:30-8 p.m.
Aquatics,Private Aquatic Lessons,Privates - VRRC,3+ years,Victoria Road Recreation Centre,168263,,Thu/Tue,Jul3-31,7:30-8 p.m.
Aquatics,Private Aquatic Lessons,Privates - VRRC,3+ years,Victoria Road Recreation Centre,168264,,Thu/Tue,Jul3-31,7:30-8 p.m.
Aquatics,Private Aquatic Lessons,Privates - VRRC,3+ years,Victoria Road Recreation Centre,168265,,Thu/Tue,Jul3-31,7:30-8 p.m.
Aquatics,Private Aquatic Lessons,Privates - VRRC,3+ years,Victoria Road Recreation Centre,168266,,Mon-Fri,Jun 30-Jul 11,9:30-10 a.m.
Aquatics,Private Aquatic Lessons,Privates - VRRC,3+ years,Victoria Road Recreation Centre,168267,,Mon-Fri,Jun 30-Jul 11,10:30-11 a.m.
Aquatics,Private Aquatic Lessons,Privates - VRRC,3+ years,Victoria Road Recreation Centre,168271,,Tue,Jul 8-Aug 26,5-5:30 p.m.
Aquatics,Private Aquatic Lessons,Privates - VRRC,3+ years,Victoria Road Recreation Centre,168272,8 Lessons,Tue,Jul 8-Aug 26,5-5:30 p.m.
Aquatics,Private Aquatic Lessons,Privates - VRRC,3+ years,Victoria Road Recreation Centre,168273,8 Lessons,Tue,Jul 8-Aug 26,5:30-6 p.m.
Aquatics,Private Aquatic Lessons,Privates - VRRC,3+ years,Victoria Road Recreation Centre,168274,8 Lessons,Tue,Jul 8-Aug 26,7-7:30 p.m.
Aquatics,Private Aquatic Lessons,Privates - VRRC,3+ years,Victoria Road Recreation Centre,168278,,Wed,Jul 2-Aug 27,5-5:30 p.m.
Aquatics,Private Aquatic Lessons,Privates - VRRC,3+ years,Victoria Road Recreation Centre,168279,,Wed,Jul 2-Aug 27,5-5:30 p.m.
Aquatics,Private Aquatic Lessons,Privates - VRRC,3+ years,Victoria Road Recreation Centre,168280,,Wed,Jul 2-Aug 27,5-5:30 p.m.
Aquatics,Private Aquatic Lessons,Privates - VRRC,3+ years,Victoria Road Recreation Centre,168281,,Wed,Jul 2-Aug 27,5:30-6 p.m.
Aquatics,Private Aquatic Lessons,Privates - VRRC,3+ years,Victoria Road Recreation Centre,168282,,Wed,Jul 2-Aug 27,6-6:30 p.m.
Aquatics,Private Aquatic Lessons,Privates - VRRC,3+ years,Victoria Road Recreation Centre,168283,,Wed,Jul 2-Aug 27,6:30-7 p.m.
Aquatics,Private Aquatic Lessons,Privates - VRRC,3+ years,Victoria Road Recreation Centre,168284,,Wed,Jul 2-Aug 27,7-7:30 p.m.
Aquatics,Private Aquatic Lessons,Privates - VRRC,3+ years,Victoria Road Recreation Centre,168285,,Wed,Jul 2-Aug 27,7:30-8 p.m.
Aquatics,Private Aquatic Lessons,Privates - VRRC,3+ years,Victoria Road Recreation Centre,168286,,Wed,Jul 2-Aug 27,7:30-8 p.m.
Aquatics,Private Aquatic Lessons,Privates - VRRC,3+ years,Victoria Road Recreation Centre,168287,,Wed,Jul 2-Aug 27,7:30-8 p.m.
Aquatics,Private Aquatic Lessons,Privates - VRRC,3+ years,Victoria Road Recreation Centre,168288,,Thu,Jul 3-Aug 28,7-7:30 p.m.
Aquatics,Private Aquatic Lessons,Privates - VRRC,3+ years,Victoria Road Recreation Centre,168289,,Thu,Jul 3-Aug 28,7:30-8 p.m.
Aquatics,Private Aquatic Lessons,Privates - VRRC,3+ years,Victoria Road Recreation Centre,168290,,Thu,Jul 3-Aug 28,7:30-8 p.m.
Aquatics,Private Aquatic Lessons,Privates - VRRC,3+ years,Victoria Road Recreation Centre,168291,,Thu,Jul 3-Aug 28,7:30-8 p.m.
Aquatics,Schoolage Aquatics,Canadian Swim Patrol - Ranger,7-13 years,Victoria Road Recreation Centre,168292,Combined with Rookie & Star  No Class Jul 1,Mon-Fri,Jun 30-Jul 11,9:30-10:30 a.m.
Aquatics,Schoolage Aquatics,Canadian Swim Patrol - Ranger,7-13 years,Victoria Road Recreation Centre,168293,Combined with Rookie & Star,Tue,Jul 8-Aug 26,7:30-8:30 p.m.
Aquatics,Schoolage Aquatics,Canadian Swim Patrol - Rookie,7-13 years,Victoria Road Recreation Centre,168294,Combined with Ranger & Star  No class Jul 1,Mon-Fri,Jun 30-Jul 11,9:30-10:30 a.m.
Aquatics,Schoolage Aquatics,Canadian Swim Patrol - Rookie,7-13 years,Victoria Road Recreation Centre,168295,Combined with Ranger & Star,Tue,Jul 8-Aug 26,7:30-8:30 p.m.
Aquatics,Schoolage Aquatics,Canadian Swim Patrol - Star,7-13 years,Victoria Road Recreation Centre,168296,Combined with Rookie & Ranger  No class Jul 1,Mon-Fri,Jun 30-Jul 11,9:30-10:30 a.m.
Aquatics,Schoolage Aquatics,Canadian Swim Patrol - Star,7-13 years,Victoria Road Recreation Centre,168297,Combined with Rookie & Ranger,Tue,Jul 8-Aug 26,7:30-8:30 p.m.
Aquatics,Advanced Leadership,Bronze Star,11+ years,Victoria Road Recreation Centre,168298,,Wed,Jul 2-Aug 27,7-8:15 p.m.
Aquatics,Advanced Leadership,RC Assistant Water Safety Instructor  - WECC,15+ years,West End Community Centre,168391,"Course Dates:  Sep 27, 28, Nov 2, Dec 7  This course includes High Five  100% Mandatory Attendance  Course hours: 9-6 p.m.",Sat-Sun,Sep 27-Dec 7,9 a.m.-6 p.m.
Aquatics,Advanced Leadership,Red Cross Water Safety Instructor - WECC,15+ years,West End Community Centre,168392,Thu 6-10 p.m.  Fri   6-10 p.m.  Sat  9 a.m.- 6 p.m.  Sun 9 a.m. - 6 p.m.  100% Mandatory Attendance,Thu-Sun,Sep4-7,6-8 p.m.
Aquatics,Private Aquatic Lessons,Privates - VRRC,3+ years,Victoria Road Recreation Centre,168393,,Mon-Fri,Jul14-24,9-9:30 a.m.
Aquatics,Private Aquatic Lessons,Privates - VRRC,3+ years,Victoria Road Recreation Centre,168394,,Mon-Fri,Jul14-24,9-9:30 a.m.
Aquatics,Private Aquatic Lessons,Privates - VRRC,3+ years,Victoria Road Recreation Centre,168395,,Mon-Fri,Jun 30-Jul 11,9-9:30 a.m.
Aquatics,Private Aquatic Lessons,Privates - VRRC,3+ years,Victoria Road Recreation Centre,168396,,Mon-Fri,Jun 30-Jul 11,9-9:30 a.m.
Aquatics,Private Aquatic Lessons,Privates - VRRC,3+ years,Victoria Road Recreation Centre,168397,,Mon-Fri,Jul 28-Aug 8,9-9:30 a.m.
Aquatics,Private Aquatic Lessons,Privates - VRRC,3+ years,Victoria Road Recreation Centre,168398,,Mon-Fri,Aug11-21,9-9:30 a.m.
Aquatics,Private Aquatic Lessons,Privates - VRRC,3+ years,Victoria Road Recreation Centre,168399,,Mon-Fri,Aug11-21,9-9:30 a.m.
Aquatics,Preschool Aquatics,RC Salamander,3-6 years,Victoria Road Recreation Centre,168400,No class Jul 1,Mon-Fri,Jun 30-Jul 11,10-10:30 a.m.
Aquatics,Specialty Aquatics,Volunteer Seminar,13+ years,West End Community Centre,168403,,Thu,Jun-19,5-6 p.m.
Aquatics,Preschool Aquatics,RC Sea Turtle,24-36mos,Victoria Road Recreation Centre,168404,Combined with Starfish & Duck  No class Jul 1,Mon-Fri,Jun 30-Jul 11,10-10:30 a.m.
Aquatics,Private Aquatic Lessons,Privates - VRRC,3+ years,Victoria Road Recreation Centre,168408,,Mon,Jun 30-Aug 25,7:30-8 p.m.
Aquatics,Private Aquatic Lessons,Privates - VRRC,3+ years,Victoria Road Recreation Centre,168409,,Mon,Jun 30-Aug 25,7:30-8 p.m.
Aquatics,Private Aquatic Lessons,Privates - VRRC,3+ years,Victoria Road Recreation Centre,168410,,Mon,Jun 30-Aug 25,7:30-8 p.m.
Aquatics,Private Aquatic Lessons,Privates - VRRC,3+ years,Victoria Road Recreation Centre,168411,8 Lessons,Tue,Jul 8-Aug 26,7-7:30 p.m.
Aquatics,Private Aquatic Lessons,Privates - VRRC,3+ years,Victoria Road Recreation Centre,168412,8 Lessons,Tue,Jul 8-Aug 26,7:30-8 p.m.
Aquatics,Private Aquatic Lessons,Privates - VRRC,3+ years,Victoria Road Recreation Centre,168413,8 Lessons,Tue,Jul 8-Aug 26,7:30-8 p.m.
Aquatics,Private Aquatic Lessons,Privates - VRRC,3+ years,Victoria Road Recreation Centre,168414,8 Lessons,Tue,Jul 8-Aug 26,7:30-8 p.m.
Aquatics,Preschool Aquatics,RC Salamander,3-6 years,Victoria Road Recreation Centre,168415,,Thu/Tue,Jul3-31,7-7:30 p.m.
Aquatics,Preschool Aquatics,RC Salamander,3-6 years,Victoria Road Recreation Centre,168416,,Tue/Thu,Aug5-28,7-7:30 p.m.
Aquatics,Specialty Aquatics,RC Adult Swim Basics 1,16+ years,Victoria Road Recreation Centre,168455,Combined with Adult Swim Basics 2,Thu,Jul 3-Aug 28,7:30-8:15 p.m.
Aquatics,Specialty Aquatics,RC Adult Swim Basics 2,16+ years,Victoria Road Recreation Centre,168459,Combined with Adult Swim Basics 1,Thu,Jul 3-Aug 28,7:30-8:15 p.m.
Aquatics,Specialty Aquatics,RC Adult Swim Strokes 3,16+ years,Victoria Road Recreation Centre,168463,,Thu,Jul 3-Aug 28,7:30-8:15 p.m.
Aquatics,Advanced Leadership,Bronze Cross - VRRC,13+ years,Victoria Road Recreation Centre,168464,Course Hours: 10 - 12:30 pm  Exam Jul 24; 9 am - noon,Mon-Fri,Jul14-25,10-11:30 a.m.
Aquatics,Advanced Leadership,Bronze Medallion & Emergency First Aid - VRRC,13+ years,Victoria Road Recreation Centre,168465,Course hours: Fri 6 - 10p.m.; Sat & Sun 10a.m. - 8 p.m.,Fri-Sun,Jul11-13,6-10 p.m.
Aquatics,Advanced Leadership,Bronze Medallion & Emergency First Aid - VRRC,13+ years,Victoria Road Recreation Centre,168466,Course hours: Fri 6 - 10p.m.; Sat & Sun 10a.m. - 8 p.m.,Fri-Sun,Aug15-17,6-10 p.m.
Aquatics,Advanced Leadership,Bronze Cross - VRRC,13+ years,Victoria Road Recreation Centre,168469,Course Hours: Fri 6 - 10 p.m.; Sat & Sun 10 a.m. - 7 p.m.,Fri-Sun,Jul11-13,6-10 p.m.
Aquatics,Advanced Leadership,Bronze Cross - VRRC,13+ years,Victoria Road Recreation Centre,168470,Course Hours: Fri 6 - 10 p.m.; Sat & Sun 10 a.m. - 7 p.m.,Fri-Sun,Aug15-17,6-10 p.m.
Aquatics,Advanced Leadership,National Lifeguard Service (NLS) - VRRC,16+ years,Victoria Road Recreation Centre,168473,,Mon-Fri,Aug25-29,9-11:30 a.m.
Aquatics,Advanced Leadership,Pre-NLS,14-30 years,Victoria Road Recreation Centre,168475,,Wed,Jul 2-Aug 27,7:30-8:30 p.m.
Adults,Active Living,Diaper Fit and Diaperfit Extra,18+ years,West End Community Centre,165890,Diaperfit Extra - 45 min exercise class in the lap pool,Wed,Jul 2-Aug 27,10:30-11:15 a.m.
Adults,Active Living,Diaper Fit and Diaperfit Extra,18+ years,West End Community Centre,165891,,Thu,Jul 3-Aug 28,10:30-11:15 a.m.
Adults,Active Living,Shallow Water Aquafit,18+ years,West End Community Centre,166117,"Jul, Aug and Sep  No class Aug 5 & Sep 1",Sun,Jul 6-Sep 14,9:30-10:15 a.m.
Adults,Active Living,Diaper Fit and Diaperfit Extra,18+ years,West End Community Centre,166135,8 classes,Tue,Jul 8-Aug 26,10:30-11:15 a.m.
Adults,Active Living,Absolutely Abs,18+ years,West End Community Centre,167525,no class Aug 5,Mon,Jun 30-Aug 18,6-7 p.m.
Adults,Active Living,Stroller Fit,18+ years,West End Community Centre,167533,,Tue,Jul 8-Aug 26,10-11 a.m.
Adults,Active Living,Yoga,18-99 years,West End Community Centre,167538,,Mon,Jun 30-Aug 25,7-8 p.m.
Adults,Active Living,Hula Hoop,18+ years,West End Community Centre,167541,,Thu,Jul 3-Aug 28,8:30-9:30 p.m.
Adults,Active Living,Stroller Fit,18+ years,Victoria Road Recreation Centre,168332,,Thu,Jul 3-Aug 21,10-11 a.m.
Adults,Active Living,Diaper Fit and Diaperfit Extra,18+ years,Victoria Road Recreation Centre,168951,No Class Aug 4,Mon,Jun 30-Aug 25,10:30-11:15 a.m.
Adults,Active Living,Diaper Fit and Diaperfit Extra,18+ years,Victoria Road Recreation Centre,168952,,Wed,Jul 2-Aug 27,10:30-11:15 a.m.
